source_index,x,y,z,before_class,after_class,before_instance,after_instance,fusion_score,after_step05_type
793064,5.766519245667545,-1.3848088610366793,0.023612983213780393,3,4,84,0,0.5,5
1227638,6.066216991149361,-2.3504116382532776,0.029334716304412034,4,3,0,87,0.6499999761581421,0
1228278,6.065579148513725,-2.3504552361426096,0.02901483356027769,4,3,0,87,0.6499999761581421,0
1228587,6.065944041202458,-2.350971920618088,0.028953712859120045,4,3,0,87,0.6499999761581421,0
1228588,6.064951425938273,-2.3502028130638237,0.028955813853869673,4,3,0,87,0.6499999761581421,0
1229220,6.066094472385259,-2.351849041091943,0.02865574434345715,4,3,0,87,0.6499999761581421,0
1229221,6.0650391848507486,-2.3507279200597644,0.02882543053901656,4,3,0,87,0.6499999761581421,0
1229552,6.065949044063659,-2.352402672308819,0.0281871925563371,4,3,0,87,0.6499999761581421,0
1229864,6.065144614783691,-2.351653799296634,0.028927347876370108,4,3,0,87,0.6499999761581421,0
1230181,6.066040817632245,-2.3529443038029703,0.027485009365459154,4,3,0,87,0.6499999761581421,0
1230182,6.0646415413885135,-2.351758317983291,0.029052159566090793,4,3,0,87,0.6499999761581421,0
1230183,6.064223129285363,-2.350825487004685,0.028730227808777722,4,3,0,87,0.6499999761581421,0
1230477,6.065353465571452,-2.352986223716944,0.02753294439567324,4,3,0,87,0.6499999761581421,0
1230478,6.064799346191368,-2.3521979529677424,0.02903714978539814,4,3,0,87,0.6499999761581421,0
1230789,6.065387265219073,-2.353297758589629,0.027013076763476397,4,3,0,87,0.6499999761581421,0
1230790,6.06517641118675,-2.3525290250774264,0.028332609017336453,4,3,0,87,0.6499999761581421,0
1230791,6.064177100162202,-2.351909317176769,0.028902056946055868,4,3,0,87,0.6499999761581421,0
1231118,6.063280066614681,-2.3507243260822817,0.02857913298832053,4,3,0,87,0.6499999761581421,0
1231731,6.066283277893565,-2.35344075691006,0.02634044022420408,4,3,0,87,0.6499999761581421,0
1231732,6.065319448915392,-2.3534789595260164,0.026689011573980008,4,3,0,87,0.6499999761581421,0
1231733,6.064317264279104,-2.352571035214879,0.028307193646291882,4,3,0,87,0.6499999761581421,0
1231734,6.0630549821956805,-2.3519033157285616,0.028525971155729107,4,3,0,87,0.6499999761581421,0
1232045,6.064228197482438,-2.3535364681529702,0.026500990644093225,4,3,0,87,0.6499999761581421,0
1232046,6.064010762027532,-2.3530320527105006,0.027469608993725927,4,3,0,87,0.6499999761581421,0
1232385,6.063336367470587,-2.3524717689855374,0.028201477045346937,4,3,0,87,0.6499999761581421,0
1232386,6.062312856505033,-2.350576806160054,0.02829069795693486,4,3,0,87,0.6499999761581421,0
1232388,6.061914510682152,-2.345053549646091,0.029503450146252788,4,3,0,87,0.5,0
1232694,6.065142477367244,-2.3537626089962687,0.02574209658032941,4,3,0,87,0.6499999761581421,0
1232695,6.062261298333544,-2.351621540549077,0.028211902996605975,4,3,0,87,0.6499999761581421,0
1232992,6.0662272943833315,-2.3535716806993543,0.025351464584576378,4,3,0,87,0.6499999761581421,0
1232993,6.0641656115488045,-2.353817254501259,0.025412211584328437,4,3,0,87,0.6499999761581421,0
1232994,6.063349021629307,-2.352809223386256,0.0277468946490724,4,3,0,87,0.6499999761581421,0
1232995,6.0625119524134785,-2.352514243388531,0.028082448582506865,4,3,0,87,0.6499999761581421,0
1232996,6.061651698296113,-2.3506926095823677,0.027996874927795443,4,3,0,87,0.6499999761581421,0
1232997,6.061603492088297,-2.347035885070121,0.029060832816627427,4,3,0,87,0.5,0
1233325,6.063247161835189,-2.353391641786972,0.02643285552292205,4,3,0,87,0.6499999761581421,0
1233326,6.061633195409968,-2.3457613691617327,0.029155309788457782,4,3,0,87,0.5,0
1233327,6.061572952234098,-2.344980687159233,0.02907433799045877,4,3,0,87,0.5,0
1233635,6.066140898190511,-2.353633979785004,0.02454550631317759,4,3,0,87,0.6499999761581421,0
1233636,6.063291291551158,-2.353646046608608,0.025612850238365653,4,3,0,87,0.6499999761581421,0
1233637,6.063099979945402,-2.3532346239166824,0.02679221806595994,4,3,0,87,0.6499999761581421,0
1233638,6.0625048284698,-2.3528289428837503,0.02753943086144902,4,3,0,87,0.6499999761581421,0
1233639,6.061750951655547,-2.3517000712466687,0.02791132358840486,4,3,0,87,0.6499999761581421,0
1233640,6.0610335334256416,-2.3497489785359407,0.028047724922318246,4,3,0,87,0.5,0
1233956,6.065387458893271,-2.3538346046123118,0.02466724204740562,4,3,0,87,0.6499999761581421,0
1233957,6.0613063305332675,-2.350846965633331,0.027795057383070115,4,3,0,87,0.6499999761581421,0
1233958,6.060912999238709,-2.3501887073709455,0.02785373626306155,4,3,0,87,0.6499999761581421,0
1233959,6.061047929485428,-2.3480044649487586,0.028464048211494695,4,3,0,87,0.5,0
1234265,6.064511644337509,-2.3539608381408437,0.024509713413661684,4,3,0,87,0.6499999761581421,0
1234266,6.063117008107537,-2.353857681420676,0.02426016999016073,4,3,0,87,0.6499999761581421,0
1234267,6.061396712214396,-2.352410540793645,0.027253878006894133,4,3,0,87,0.6499999761581421,0
1234268,6.061275288992894,-2.351862665290676,0.02748511341611201,4,3,0,87,0.6499999761581421,0
1234269,6.061259919895272,-2.3487528124885197,0.028469446593894485,4,3,0,87,0.5,0
1234270,6.0611104804177,-2.3465561464292715,0.028606768223307426,4,3,0,87,0.5,0
1234568,6.065510699852122,-2.3538219724184644,0.023892138017902596,4,3,0,87,0.6499999761581421,0
1234569,6.062309417037957,-2.3532934673070662,0.026102637868203632,4,3,0,87,0.6499999761581421,0
1234902,6.062258105042707,-2.353747689931925,0.024454878952969696,4,3,0,87,0.6499999761581421,0
1234903,6.062131615957553,-2.3535142953929347,0.025339357866688,4,3,0,87,0.6499999761581421,0
1234904,6.062173853266604,-2.3531036815386313,0.026519411139261477,4,3,0,87,0.6499999761581421,0
1234905,6.061190255519729,-2.3527164487135686,0.026629186678289465,4,3,0,87,0.6499999761581421,0
1234906,6.0607899274531025,-2.352109922961935,0.026956620839484823,4,3,0,87,0.6499999761581421,0
1234907,6.060071536185361,-2.349782785137557,0.02769313718702187,4,3,0,87,0.6499999761581421,0
1234908,6.060050746543629,-2.3486713089499593,0.027915746660017372,4,3,0,87,0.6499999761581421,0
1234909,6.0603433579217265,-2.3485844368876987,0.02805056850677063,4,3,0,87,0.6499999761581421,0
1234910,6.060155295608985,-2.346791726734055,0.028102605442999265,4,3,0,87,0.5,0
1234911,6.060871856305546,-2.3456810294607147,0.028500557534905782,4,3,0,87,0.5,0
1234912,6.061134770195533,-2.3449296651017066,0.028685368033967797,4,3,0,87,0.5,0
1235232,6.060167113235177,-2.3506278132558984,0.0274510691042986,4,3,0,87,0.6499999761581421,0
1235233,6.060275293108382,-2.3477987962209212,0.028113034778019366,4,3,0,87,0.5,0
1235234,6.059794983431698,-2.346923083505372,0.027930591832402187,4,3,0,87,0.5,0
1235235,6.060150661428787,-2.345893078212664,0.02811513676456103,4,3,0,87,0.5,0
1235523,6.060254182620841,-2.352086461230286,0.02676241664048213,4,3,0,87,0.6499999761581421,0
1235524,6.06011358332035,-2.3513777839115155,0.02710788980695563,4,3,0,87,0.6499999761581421,0
1235525,6.059818986198371,-2.347549112943565,0.027922049877629078,4,3,0,87,0.5,0
1235817,6.06131005467808,-2.353219499469243,0.025792571969165644,4,3,0,87,0.6499999761581421,0
1235818,6.060207127957803,-2.3528843550616214,0.026125155047893055,4,3,0,87,0.6499999761581421,0
1235819,6.059554155400512,-2.350597197119723,0.027255458981742316,4,3,0,87,0.6499999761581421,0
1235820,6.059162346665158,-2.3498288217811307,0.02734116399055797,4,3,0,87,0.6499999761581421,0
1235821,6.059275993750955,-2.347880524638103,0.027656410952858153,4,3,0,87,0.5,0
1235822,6.059274019674193,-2.346743464426867,0.027679544297935933,4,3,0,87,0.5,0
1235823,6.059864137954082,-2.345034583219947,0.02796906898789671,4,3,0,87,0.5,0
1235824,6.060184176398672,-2.3448621072113607,0.028147290662410625,4,3,0,87,0.5,0
1235825,6.059696123254219,-2.3442525165817427,0.02785439644651415,4,3,0,87,0.5,0
1236134,6.061186165027338,-2.3534767275150226,0.025239691343022418,4,3,0,87,0.6499999761581421,0
1236135,6.06025033247113,-2.353167825445068,0.025793399444598658,4,3,0,87,0.6499999761581421,0
1236136,6.059439503775655,-2.3487354469624,0.0276489156012176,4,3,0,87,0.6499999761581421,0
1236137,6.0597750968250805,-2.3457606410265193,0.027930285893729027,4,3,0,87,0.5,0
1236456,6.0609199458421585,-2.353824579831673,0.024269486417833552,4,3,0,87,0.6499999761581421,0
1236457,6.060230639538709,-2.3535293187356716,0.025125634296110068,4,3,0,87,0.6499999761581421,0
1236763,6.059231671527499,-2.35240394314506,0.026237166669580217,4,3,0,87,0.6499999761581421,0
1236764,6.059237956605226,-2.3516934486619467,0.02667501671741542,4,3,0,87,0.6499999761581421,0
1236765,6.05921297146702,-2.35106833460669,0.02695911204606042,4,3,0,87,0.6499999761581421,0
1236766,6.058619630728494,-2.3503715332367263,0.02698140613088216,4,3,0,87,0.6499999761581421,0
1236767,6.059180438868667,-2.344593213133714,0.027562968215930232,4,3,0,87,0.5,0
1236768,6.058883414985658,-2.3441103030695647,0.027347748089508718,4,3,0,87,0.5,0
1237055,6.059535277999804,-2.353458275680079,0.025149027840745873,4,3,0,87,0.6499999761581421,0
1237056,6.058331963875996,-2.3498753521602267,0.026978581623841313,4,3,0,87,0.6499999761581421,0
1237057,6.058228433350245,-2.3488483963304367,0.02707534138006766,4,3,0,87,0.6499999761581421,0
1237058,6.058280852555216,-2.3478551274088035,0.027159008810483373,4,3,0,87,0.5,0
1237059,6.058542144715475,-2.3468162720542227,0.027292728426238935,4,3,0,87,0.5,0
1237060,6.059089975517697,-2.345508261472628,0.027549760404687963,4,3,0,87,0.5,0
1237363,6.060114195844168,-2.3538052180544042,0.02447474664774251,4,3,0,87,0.6499999761581421,0
1237364,6.059248727690722,-2.3530651352573626,0.02573012229584836,4,3,0,87,0.6499999761581421,0
1237365,6.058450109803395,-2.3458180018501853,0.027195132151769823,4,3,0,87,0.5,0
1237366,6.058585000381904,-2.3437979865623166,0.02713807476424833,4,3,0,87,0.5,0
1237660,6.058270602989998,-2.352376749153711,0.025985289034349095,4,3,0,87,0.6499999761581421,0
1237661,6.058099729845652,-2.350816922574932,0.02664659519553541,4,3,0,87,0.6499999761581421,0
1237662,6.057902864690615,-2.346942819324702,0.026937439173098286,4,3,0,87,0.5,0
1237663,6.058335024161661,-2.344918231655994,0.027073373810517408,4,3,0,87,0.5,0
1237964,6.059172526227654,-2.3538894686485428,0.024261017797330503,4,3,0,87,0.6499999761581421,0
1237965,6.058230709605423,-2.3516819775853355,0.02634318337512751,4,3,0,87,0.6499999761581421,0
1237966,6.057856246377877,-2.349745369596775,0.02678524760566995,4,3,0,87,0.6499999761581421,0
1237967,6.057960626269988,-2.3486308870177703,0.026954161545276543,4,3,0,87,0.6499999761581421,0
1237968,6.057859645010032,-2.345448138631701,0.026830432104861038,4,3,0,87,0.5,0
1237969,6.057859699845498,-2.344966911983522,0.026796881968015385,4,3,0,87,0.5,0
1237970,6.05795607842648,-2.343998272711539,0.026775202881767844,4,3,0,87,0.5,0
1238291,6.058142182996429,-2.3528759298208537,0.025619271683422283,4,3,0,87,0.6499999761581421,0
1238292,6.05787239600585,-2.347501215610753,0.026936430024700322,4,3,0,87,0.5,0
1238293,6.057664673428626,-2.344966498950409,0.02668391662160293,4,3,0,87,0.5,0
1238585,6.0593489540879935,-2.354215071583208,0.02341948563743393,4,3,0,87,0.5,0
1238586,6.058383722721955,-2.3533471960689667,0.02511356786248061,4,3,0,87,0.6499999761581421,0
1238587,6.057283116591913,-2.3486987387011533,0.026584797567141945,4,3,0,87,0.6499999761581421,0
1238588,6.057238344017613,-2.3465964337063183,0.02654190381585351,4,3,0,87,0.5,0
1238589,6.057569748570837,-2.344177551751806,0.026566460528356595,4,3,0,87,0.5,0
1238890,6.058224068680527,-2.3535956638229685,0.024725075103811354,4,3,0,87,0.6499999761581421,0
1238891,6.057224531313844,-2.351348222800646,0.026090567292383904,4,3,0,87,0.6499999761581421,0
1238892,6.057089889244998,-2.3497514979925915,0.026395681057098178,4,3,0,87,0.6499999761581421,0
1238893,6.05697692935259,-2.347756650521558,0.026436568238073013,4,3,0,87,0.5,0
1239196,6.057069896467586,-2.3519197141859323,0.02579420002496524,4,3,0,87,0.6499999761581421,0
1239197,6.057121278465558,-2.3509132390859055,0.026182989066920473,4,3,0,87,0.6499999761581421,0
1239505,6.058116127983288,-2.35413468563699,0.023664693237851316,4,3,0,87,0.5,0
1239506,6.057195425348735,-2.353251785419859,0.024963168492434046,4,3,0,87,0.6499999761581421,0
1239507,6.0569751944517956,-2.352721854414783,0.02534343833249232,4,3,0,87,0.6499999761581421,0
1239508,6.05651579342147,-2.3498787919870416,0.02607743517821036,4,3,0,87,0.6499999761581421,0
1239509,6.056413556779366,-2.348739872446721,0.02611732916697089,4,3,0,87,0.6499999761581421,0
1239510,6.056278278852461,-2.3481544082101617,0.026070559025674976,4,3,0,87,0.6499999761581421,0
1239815,6.057195575854587,-2.3537710319701146,0.02424647984711442,4,3,0,87,0.6499999761581421,0
1239816,6.056737999561883,-2.3511027732260446,0.025960100141933284,4,3,0,87,0.6499999761581421,0
1239817,6.056508238961051,-2.3505813799010467,0.025979515958751684,4,3,0,87,0.6499999761581421,0
1239818,6.05626323176736,-2.349955105181938,0.025932773500121756,4,3,0,87,0.6499999761581421,0
1240116,6.057827866107653,-2.354292973436752,0.02328844718559947,4,3,0,87,0.5,0
1240117,6.057141165072175,-2.353985721232328,0.023833947770511656,4,3,0,87,0.5,0
1240118,6.056544250694689,-2.3533623499863867,0.024649799225823325,4,3,0,87,0.6499999761581421,0
1240119,6.0564805225499745,-2.3525345024133633,0.025277813028582632,4,3,0,87,0.6499999761581421,0
1240120,6.056488067676697,-2.3518633358460814,0.02560151285939468,4,3,0,87,0.6499999761581421,0
1240121,6.056367612826183,-2.350873878526403,0.025851486516447357,4,3,0,87,0.6499999761581421,0
1240426,6.0575261438752825,-2.354392562022343,0.023028112422984783,4,3,0,87,0.5,0
1240427,6.056647272533993,-2.3539459966052183,0.02382773804388464,4,3,0,87,0.5,0
1241339,6.056853025701304,-2.354388738632396,0.022921170579659166,4,3,0,87,0.5,0
1254672,6.041273638735287,-2.3459151525883026,0.029318912302489973,4,3,0,87,0.5,0
1255313,6.04144295548578,-2.3470558444079197,0.029135980315887336,4,3,0,87,0.5,0
1255644,6.041290437055151,-2.3477169571779664,0.029119335040954805,4,3,0,87,0.5,0
1255958,6.042214073970469,-2.3455513157541636,0.028786186728277194,4,3,0,87,0.5,0
1255959,6.041891170081124,-2.346063955588148,0.028978534584289575,4,3,0,87,0.5,0
1255960,6.041814339760269,-2.3463818133585215,0.029008133684191764,4,3,0,87,0.5,0
1256286,6.042185418356206,-2.346788211192059,0.02877535425896427,4,3,0,87,0.5,0
1256287,6.041369352290411,-2.348708961610739,0.028936675447118178,4,3,0,87,0.6499999761581421,0
1256288,6.041149634746766,-2.349779635476705,0.02871506928844983,4,3,0,87,0.6499999761581421,0
1256934,6.042904303143137,-2.3457289458356683,0.028366323412445688,4,3,0,87,0.5,0
1256935,6.042253044485825,-2.347745488199667,0.02861836136794261,4,3,0,87,0.5,0
1257264,6.042376778963867,-2.348838936013273,0.028350128090224205,4,3,0,87,0.6499999761581421,0
1257265,6.042161604596882,-2.3495949579893725,0.0282666481376739,4,3,0,87,0.6499999761581421,0
1257586,6.043476571895621,-2.345106383880734,0.027999356916539167,4,3,0,87,0.5,0
1257587,6.043603741173889,-2.3462813764908725,0.027969786257732165,4,3,0,87,0.5,0
1257588,6.041084235870419,-2.3506796146810665,0.02835379235341711,4,3,0,87,0.6499999761581421,0
1257907,6.043177071082963,-2.346979278224574,0.02822240196126117,4,3,0,87,0.5,0
1257908,6.043113662617346,-2.3480008496622125,0.028143305204449402,4,3,0,87,0.5,0
1257909,6.042711391975184,-2.349574946058993,0.027979827364510372,4,3,0,87,0.6499999761581421,0
1258245,6.044001424304334,-2.3451357368882015,0.02768436569073284,4,3,0,87,0.5,0
1258246,6.0435666385645,-2.345029629996281,0.027941598448728712,4,3,0,87,0.5,0
1258247,6.044232787967501,-2.3457359773730446,0.02757554256376421,4,3,0,87,0.5,0
1258248,6.043000814729292,-2.3488340004715953,0.02802689364324048,4,3,0,87,0.6499999761581421,0
1258249,6.043326798738407,-2.349060630969956,0.027811425918853883,4,3,0,87,0.6499999761581421,0
1258250,6.042635098341864,-2.349966938966003,0.027897409154506357,4,3,0,87,0.6499999761581421,0
1258251,6.041820169820303,-2.350570942540679,0.02812036205007995,4,3,0,87,0.6499999761581421,0
1258587,6.043940066918472,-2.346660713174666,0.027779978789512286,4,3,0,87,0.5,0
1258588,6.043384571984901,-2.3482636756441577,0.02795641188376833,4,3,0,87,0.6499999761581421,0
1258589,6.042998230462137,-2.349880158487374,0.02773999125142635,4,3,0,87,0.6499999761581421,0
1258590,6.04218474983021,-2.350975802041228,0.027797684611006596,4,3,0,87,0.6499999761581421,0
1258877,6.044931545805136,-2.3446176083836723,0.027086578850576054,4,3,0,87,0.5,0
1258878,6.044894157351299,-2.3457555395461815,0.027176496233536997,4,3,0,87,0.5,0
1259195,6.0450227476848255,-2.3442556231710845,0.027006614334072344,4,3,0,87,0.5,0
1259510,6.045302407392635,-2.345021852641703,0.02687581198708347,4,3,0,87,0.5,0
1259511,6.045021492302677,-2.3468684230386994,0.02710985498453685,4,3,0,87,0.5,0
1259512,6.044203162815537,-2.347697959468305,0.02756699139115923,4,3,0,87,0.5,0
1259878,6.045355736632992,-2.3460298914642395,0.02689520128805005,4,3,0,87,0.5,0
1259879,6.044102650573818,-2.34893985890891,0.027449083682491673,4,3,0,87,0.6499999761581421,0
1259880,6.0438455119083985,-2.349659857234082,0.027408633065035375,4,3,0,87,0.6499999761581421,0
1259881,6.042983519390102,-2.350662066441067,0.027490104026132695,4,3,0,87,0.6499999761581421,0
1260188,6.045977403972988,-2.344839977069451,0.026416368584671245,4,3,0,87,0.5,0
1260189,6.045504716426022,-2.346964096197327,0.02680889551579297,4,3,0,87,0.5,0
1260190,6.0448048723794825,-2.3477090270328733,0.02720649347960146,4,3,0,87,0.5,0
1260522,6.046364128177299,-2.345814108639053,0.026239975016244928,4,3,0,87,0.5,0
1260523,6.0450837282227,-2.348421466534708,0.026989835108874073,4,3,0,87,0.6499999761581421,0
1260856,6.043885156783309,-2.350728077837507,0.0270573477055197,4,3,0,87,0.6499999761581421,0
1261169,6.046587106681078,-2.3437537552950936,0.025964973166256837,4,3,0,87,0.5,0
1261171,6.046691936924034,-2.3455602904967234,0.02601964336868523,4,3,0,87,0.5,0
1261172,6.046350083297835,-2.346770100302122,0.026288082501592085,4,3,0,87,0.5,0
1261173,6.045599074261762,-2.347818865731109,0.02672570980460385,4,3,0,87,0.5,0
1261503,6.046809543830474,-2.346349200971197,0.02599838019334557,4,3,0,87,0.5,0
1261504,6.045270601655879,-2.3487261625583513,0.026856479801670094,4,3,0,87,0.6499999761581421,0
1261505,6.045047905496412,-2.3496856203445255,0.026830408564385323,4,3,0,87,0.6499999761581421,0
1261506,6.04435480037858,-2.3509640199429755,0.026758196944577983,4,3,0,87,0.6499999761581421,0
1261822,6.046231261844168,-2.347889317120168,0.026354376127483155,4,3,0,87,0.5,0
1262175,6.04432789133223,-2.3517332050259583,0.026401332375637833,4,3,0,87,0.6499999761581421,0
1262487,6.046195541788539,-2.3486917203119226,0.0263432205089882,4,3,0,87,0.6499999761581421,0
1262488,6.045048635858145,-2.3506435987376726,0.02657012925461367,4,3,0,87,0.6499999761581421,0
1262788,6.045227280471349,-2.351315297124758,0.026225929607456788,4,3,0,87,0.6499999761581421,0
1262789,6.044441403079431,-2.352676206774953,0.025693727145202974,4,3,0,87,0.6499999761581421,0
1263122,6.046273859667237,-2.349737025965185,0.026188532746853725,4,3,0,87,0.6499999761581421,0
1263123,6.045356617500577,-2.352085884525434,0.025800119214866038,4,3,0,87,0.6499999761581421,0
1263471,6.045987492531945,-2.350722994492542,0.026109120395981615,4,3,0,87,0.6499999761581421,0
1263781,6.046641607300317,-2.3501336433922306,0.02594447323323059,4,3,0,87,0.6499999761581421,0
1263782,6.045066992905286,-2.35293590349834,0.025293651422352098,4,3,0,87,0.6499999761581421,0
1263783,6.044253820285336,-2.353654192564636,0.02462166570284874,4,3,0,87,0.6499999761581421,0
1264087,6.046347140850085,-2.3509200915364765,0.025889213847991324,4,3,0,87,0.6499999761581421,0
1264088,6.044119278553724,-2.35397369702685,0.02339143851704801,4,3,0,87,0.5,0
1264417,6.046146769725387,-2.3517447309620714,0.025677922355681358,4,3,0,87,0.6499999761581421,0
1264734,6.046139099760476,-2.3526994685641185,0.025129844628330573,4,3,0,87,0.6499999761581421,0
1264735,6.045230388592207,-2.3538020711138583,0.0242391985475318,4,3,0,87,0.6499999761581421,0
1264736,6.045294928768497,-2.354058986324459,0.02345834054901326,4,3,0,87,0.5,0
1265046,6.0463373346354405,-2.352994464883679,0.02486046734766749,4,3,0,87,0.6499999761581421,0
1265352,6.04589295385584,-2.353715216733586,0.024257146833008884,4,3,0,87,0.6499999761581421,0
1265353,6.045023286705785,-2.3540936217126074,0.022712329980495514,4,3,0,87,0.5,0
1265354,6.044066753177959,-2.3539321244052633,0.021745027884748087,4,3,0,87,0.5,0
1265667,6.046268573295012,-2.35402496935252,0.02362172446041229,4,3,0,87,0.5,0
1265668,6.046023700273205,-2.3542146404147224,0.022450350330786954,4,3,0,87,0.5,0
1265995,6.047243753214563,-2.3520873285544845,0.02513763524229471,4,3,0,87,0.6499999761581421,0
1265996,6.047265378222111,-2.3523638961617013,0.025005091746043623,4,3,0,87,0.6499999761581421,0
1265997,6.047141942422351,-2.3529297161625626,0.024705100645542766,4,3,0,87,0.6499999761581421,0
1266635,6.047234589858249,-2.3534370749760196,0.02429191404453608,4,3,0,87,0.6499999761581421,0
1266636,6.046976360317078,-2.3539807829703445,0.02363671437609384,4,3,0,87,0.5,0
1266637,6.046995625066181,-2.3542393879442955,0.022890422605363163,4,3,0,87,0.5,0
1266638,6.046170005962254,-2.3540849965293558,0.02156264508840093,4,3,0,87,0.5,0
1266639,6.045485040994282,-2.354017781397554,0.02171037528354191,4,3,0,87,0.5,0
1266936,6.046729989237019,-2.3542649506588713,0.02190328752756423,4,3,0,87,0.5,0
1267239,6.047608004211677,-2.354396897283185,0.021968462120333675,4,3,0,87,0.5,0
1267240,6.047139254317824,-2.3543200196248137,0.022378684079918713,4,3,0,87,0.5,0
1267863,6.047822146038511,-2.3540815376603996,0.023367431665718544,4,3,0,87,0.5,0
1267864,6.0482254107193265,-2.3544551644221015,0.021869195113837003,4,3,0,87,0.5,0
1268144,6.048134394346851,-2.354370140807702,0.02245677612222633,4,3,0,87,0.5,0
1268477,6.0488692619219355,-2.3545338528974358,0.021682401234892852,4,3,0,87,0.5,0
1268771,6.04901918441829,-2.353943391005547,0.023480543126434376,4,3,0,87,0.5,0
1269066,6.048844686299654,-2.3542714322410707,0.02293065333669072,4,3,0,87,0.5,0
1269367,6.04912305912409,-2.354428798310516,0.02250520623168916,4,3,0,87,0.5,0
1269686,6.049734108217867,-2.354477397028867,0.02236617151489459,4,3,0,87,0.5,0
1269962,6.05029765229776,-2.3542658388387485,0.022786747637497377,4,3,0,87,0.5,0
1482630,6.0893261345741525,-1.783166665444397,0.03506451085574505,4,3,0,40,0.5,0
1483059,6.08800047785976,-1.783057751196784,0.03523055344072222,4,3,0,40,0.5,0
1483060,6.088388749124227,-1.7826863346836288,0.03496465802102823,4,3,0,40,0.5,0
1483061,6.088924832302979,-1.7827438056796843,0.03489229255677369,4,3,0,40,0.5,0
1483062,6.090322638489546,-1.7831197442480198,0.03472186412155577,4,3,0,40,0.5,0
1483063,6.091218337318502,-1.7829947693143524,0.03446775833800177,4,3,0,40,0.5,0
1597020,6.090958390377217,-1.7716066289364514,0.03412058623176836,4,3,0,40,0.5,0
1597516,6.0961055388557295,-1.7715579091644877,0.03501181994934924,4,3,0,40,0.5,0
1597517,6.095905083727764,-1.7719224256217188,0.03434235084379984,4,3,0,40,0.5,0
1597521,6.091214043818217,-1.7720850214792634,0.033911694117759475,4,3,0,40,0.5,0
1597522,6.089445952399895,-1.771734676455637,0.03426943878545132,4,3,0,40,0.5,0
1597523,6.087969594992223,-1.7717732091353762,0.03437404662123926,4,3,0,40,0.5,0
1598078,6.090089940107813,-1.7719383453052504,0.034117916940181355,4,3,0,40,0.5,0
1598597,6.090137665630271,-1.772307819973375,0.03397517029583538,4,3,0,40,0.5,0
1598598,6.089212598325999,-1.7724191734286148,0.03402259694511929,4,3,0,40,0.5,0
1599661,6.095692501794919,-1.7720464035632724,0.033793250082962564,4,3,0,40,0.5,0
1599663,6.091201670837098,-1.7726971741836581,0.03370552928600143,4,3,0,40,0.5,0
1599664,6.090109032183536,-1.7730488195135066,0.03371986485230119,4,3,0,40,0.5,0
1599665,6.0879922385393765,-1.7726343274097531,0.03399972922528538,4,3,0,40,0.5,0
1600165,6.095844453203499,-1.7724374751933494,0.03373403799806966,4,3,0,40,0.5,0
1600166,6.09524443887214,-1.772683408982402,0.03345646384792175,4,3,0,40,0.5,0
1600169,6.089280345793671,-1.7728867373403934,0.03384653714388387,4,3,0,40,0.5,0
1600170,6.088656194523753,-1.7730144411942663,0.033833043988238394,4,3,0,40,0.5,0
1600171,6.085271846424488,-1.7727569121012998,0.034242252715575905,4,3,0,40,0.5,0
1600689,6.087828040154576,-1.773347831911349,0.03374800359676915,4,3,0,40,0.5,0
1601225,6.089434359949127,-1.7733470770264608,0.0336677939326101,4,3,0,40,0.5,0
1601226,6.0832161231550295,-1.7728375478622769,0.034293337239745175,4,3,0,40,0.6499999761581421,0
1603316,6.080900301271723,-1.7730508416075614,0.033829507053640864,4,3,0,40,0.6499999761581421,0
1618529,6.08921608096142,-1.7012246425891149,0.037413690040417405,4,3,0,41,0.5,0
1619030,6.089877866861414,-1.7012221566829033,0.037092986325839,4,3,0,41,0.5,0
1619031,6.09120981798723,-1.7007136929718651,0.03639693725203041,4,3,0,41,0.5,0
1619539,6.088151992918039,-1.700678003011795,0.03712557165322483,4,3,0,41,0.5,0
1619540,6.090251248546906,-1.7007681258396106,0.03657261891796641,4,3,0,41,0.5,0
1619983,6.089140172343072,-1.7003282052230395,0.036570662403980346,4,3,0,41,0.5,0
1620450,6.087835357772452,-1.7004319118983844,0.036948326748015896,4,3,0,41,0.5,0
1620451,6.089849625429922,-1.7001251878866899,0.036101721280144945,4,3,0,41,0.5,0
1620990,6.08921613813031,-1.6999719045430215,0.03615213021891468,4,3,0,41,0.5,0
1621446,6.088340504414914,-1.6997767915088589,0.03622459302464066,4,3,0,41,0.5,0
1621447,6.0893133159090365,-1.699543973221336,0.03569683049446398,4,3,0,41,0.5,0
1622376,6.088519614546219,-1.6995679540780286,0.03595503640464094,4,3,0,41,0.5,0
1622861,6.08526813628022,-1.6987685318881596,0.03584478862675142,4,3,0,41,0.6499999761581421,0
1622863,6.089139493316669,-1.6990523912753508,0.035355470289569216,4,3,0,41,0.5,0
1623334,6.088235538833361,-1.6990810256686757,0.03561714242540551,4,3,0,41,0.5,0
1677844,6.088134253061564,-1.6884194137102682,0.03616028575400784,4,3,0,41,0.5,0
1678480,6.089992722660877,-1.6887570213548855,0.03570039327399519,4,3,0,41,0.5,0
1678481,6.0889770671674475,-1.6887501249260357,0.03570587619208099,4,3,0,41,0.5,0
1678775,6.088213637315062,-1.6890318561272417,0.035694748256252004,4,3,0,41,0.5,0
1679110,6.091125153195067,-1.6888776215832757,0.035534989898986076,4,3,0,41,0.5,0
1679408,6.088030510194224,-1.6896869153098844,0.035455642481322054,4,3,0,41,0.5,0
1679409,6.086370148298263,-1.689765565700936,0.03572276816069762,4,3,0,41,0.5,0
1679410,6.085455117050906,-1.6898608630039644,0.03559207362733727,4,3,0,41,0.5,0
1679411,6.083348235792187,-1.6897450124296818,0.03533606978718669,4,3,0,41,0.6499999761581421,0
1679732,6.0904856911631295,-1.6899366044812367,0.035904835071280894,4,3,0,41,0.5,0
1679733,6.089945162811529,-1.6899313148464072,0.03607994899461625,4,3,0,41,0.5,0
1679734,6.089651871240315,-1.689835769088773,0.036065160908614294,4,3,0,41,0.5,0
1679735,6.0870475961406,-1.6897307680012024,0.03561347232814179,4,3,0,41,0.5,0
1679736,6.082185020394271,-1.689841092274042,0.035248954537605036,4,3,0,41,0.6499999761581421,0
1680055,6.089234616515503,-1.689667856846724,0.035773369711315076,4,3,0,41,0.5,0
1680056,6.088130916265147,-1.690369114077758,0.035350748542701704,4,3,0,41,0.5,0
1680057,6.082979356448434,-1.6903419654248406,0.03508329309247374,4,3,0,41,0.6499999761581421,0
1680058,6.081181896554796,-1.689957503684725,0.03503654337042565,4,3,0,41,0.6499999761581421,0
1680349,6.087451819858706,-1.6903396726603483,0.03529156344038629,4,3,0,41,0.5,0
1680350,6.082274262197743,-1.6904283981576982,0.03500998408394747,4,3,0,41,0.6499999761581421,0
1680970,6.08111453643552,-1.6903142006226362,0.03487922073772194,4,3,0,41,0.6499999761581421,0
1680971,6.079958174304092,-1.6904088400650203,0.034271451977435294,4,3,0,41,0.6499999761581421,0
4153450,6.076399413256169,-1.6955994988310719,0.04072338352530419,3,4,41,0,1.0,0
4153451,6.076107745748107,-1.6976884434968462,0.03956103444068519,3,4,41,0,1.0,0
4153462,6.076091964801137,-1.6985911634094057,0.039031838275118594,3,4,41,0,1.0,0
4153479,6.0771311668768355,-1.695589464075978,0.04073566765728584,3,4,41,0,0.6499999761581421,0
4153489,6.077029106408247,-1.69645345091293,0.0403190872606089,3,4,41,0,1.0,0
4153490,6.076610515798156,-1.6972013654706686,0.03985376676111675,3,4,41,0,1.0,0
4153499,6.077203967374325,-1.6979413526036196,0.03957133388011877,3,4,41,0,0.6499999761581421,0
4153508,6.077238079700772,-1.697119617104577,0.03990102956052202,3,4,41,0,0.6499999761581421,0
4153535,6.078055551654567,-1.6970210028418835,0.039958724670323506,3,4,41,0,0.6499999761581421,0
4153536,6.078335457538616,-1.6977933684158515,0.03934092337934274,3,4,41,0,0.6499999761581421,0
4153544,6.078189832042683,-1.6987287977399796,0.03917573884032963,3,4,41,0,0.6499999761581421,0
4153553,6.078800008435858,-1.6972130305957671,0.03992193700339419,3,4,41,0,0.6499999761581421,0
4153689,6.086098400064755,-1.6907751115729432,0.038488298433893814,4,3,0,41,0.5,0
4153706,6.085949098259204,-1.6913783643431903,0.03970593231113045,4,3,0,41,0.5,0
4153718,6.0871970589524125,-1.6904985720755543,0.03778262918151579,4,3,0,41,0.5,0
4153719,6.087155781847366,-1.6910043898357172,0.039166566922590705,4,3,0,41,0.5,0
4153720,6.086485770627532,-1.6910687645147715,0.03918664161019578,4,3,0,41,0.5,0
4153721,6.086389379212717,-1.6917964028190735,0.04032461763886071,4,3,0,41,0.5,0
4153722,6.086134260125828,-1.6923056653932789,0.0408699788478213,4,3,0,41,0.5,0
4153730,6.087343256137242,-1.690638773921517,0.03831873075748286,4,3,0,41,0.5,0
4153740,6.08637027313645,-1.6928257647594351,0.04115737792325364,4,3,0,41,0.5,0
4153741,6.086196227702084,-1.6937863115747391,0.041169921058808796,4,3,0,41,0.5,0
4153748,6.087059132589191,-1.6923680900663844,0.04091097614688263,4,3,0,41,0.5,0
4153749,6.08643768692448,-1.694581147782239,0.04105685542471915,4,3,0,41,0.5,0
4153756,6.088279352370369,-1.6903441770335403,0.037585465300051635,4,3,0,41,0.5,0
4153757,6.0879888072392845,-1.6914029114768954,0.03985099251459592,4,3,0,41,0.5,0
4153758,6.087252359936106,-1.6912987768067549,0.039704797409336225,4,3,0,41,0.5,0
4153759,6.086104189289867,-1.6959195818116743,0.040816554977939554,4,3,0,41,0.6499999761581421,0
4153764,6.088230712145677,-1.6907013622663611,0.038663697701632374,4,3,0,41,0.5,0
4153765,6.088154139668181,-1.6910556299711006,0.039308249694954535,4,3,0,41,0.5,0
4153766,6.087341598239441,-1.6919467795158838,0.040518492183692405,4,3,0,41,0.5,0
4153774,6.087267682365247,-1.6928826939612314,0.0411707369244409,4,3,0,41,0.5,0
4153775,6.086321286398284,-1.6969318411888206,0.04041091433913768,4,3,0,41,0.6499999761581421,0
4153776,6.085713716439792,-1.6982478848337481,0.03826093048855507,4,3,0,41,0.6499999761581421,0
4153779,6.088302632942294,-1.6919057069771992,0.040449878377011465,4,3,0,41,0.5,0
4153780,6.087258786185989,-1.6937373782587621,0.041170466252725774,4,3,0,41,0.5,0
4153781,6.087394380291855,-1.694787100782043,0.04101515054037991,4,3,0,41,0.5,0
4153782,6.086018000771788,-1.6974444860100324,0.04018322137771424,4,3,0,41,0.6499999761581421,0
4153783,6.086146475600823,-1.6980323731323834,0.039641109979556374,4,3,0,41,0.6499999761581421,0
4153787,6.08923217692064,-1.6906681668268047,0.03837035954211779,4,3,0,41,0.5,0
4153788,6.08840273100124,-1.692357747009955,0.04090137142860084,4,3,0,41,0.5,0
4153789,6.087393017572198,-1.695025126641834,0.04096496848862388,4,3,0,41,0.5,0
4153790,6.0867689736397885,-1.6974110053917404,0.0400308650561263,4,3,0,41,0.6499999761581421,0
4153791,6.086333750382941,-1.6983363713975628,0.03899926330320845,4,3,0,41,0.6499999761581421,0
4153799,6.089293799150133,-1.6904724725539473,0.03768864057975274,4,3,0,41,0.5,0
4153800,6.089277313509094,-1.6911172435396626,0.03921708525018809,4,3,0,41,0.5,0
4153802,6.088273939993245,-1.6927403036291695,0.041116607861250265,4,3,0,41,0.5,0
4153803,6.087145842627549,-1.695819586993735,0.04076136638914954,4,3,0,41,0.5,0
4153804,6.087308054101755,-1.696602364991933,0.0404320782769329,4,3,0,41,0.5,0
4153805,6.086520378806593,-1.6984024349331988,0.03816181496370692,4,3,0,41,0.6499999761581421,0
4153811,6.088171706851275,-1.6936523664323548,0.041178117869952915,4,3,0,41,0.5,0
4153812,6.0880279387609,-1.694722060534811,0.04104132556578435,4,3,0,41,0.5,0
4153817,6.089753367020279,-1.6905340176614776,0.037840065871150845,4,3,0,41,0.5,0
4153819,6.088142893730887,-1.6951495906113758,0.0409591415062122,4,3,0,41,0.5,0
4153823,6.089973924596588,-1.6909189536415892,0.03869406777399181,4,3,0,41,0.5,0
4153824,6.0889419701360445,-1.6929878655213053,0.041174494766129555,4,3,0,41,0.5,0
4153825,6.087940078344477,-1.696841328450492,0.040238907087677786,4,3,0,41,0.5,0
4153826,6.087143574539355,-1.697997998893602,0.03936537612870404,4,3,0,41,0.5,0
4153827,6.087355422610331,-1.6982632105838242,0.03872209896736443,4,3,0,41,0.5,0
4153830,6.0901462887989135,-1.691157959718274,0.03914771613553003,4,3,0,41,0.5,0
4153834,6.088289894780308,-1.6957877281311455,0.04078583894518123,4,3,0,41,0.5,0
4153842,6.0884865044254095,-1.6972537780578962,0.03987857804329954,4,3,0,41,0.5,0
4153843,6.088168158879981,-1.6976607743587326,0.039486522913484035,4,3,0,41,0.5,0
4153844,6.088277477464131,-1.6983155243332708,0.03836987120122083,4,3,0,41,0.5,0
4153845,6.087189954842838,-1.6983812287885276,0.03852725698774104,4,3,0,41,0.5,0
4153853,6.089363093677962,-1.6947656244203189,0.04115959828309199,4,3,0,41,0.5,0
4153854,6.0888883095494695,-1.6959842176400954,0.04076548360959995,4,3,0,41,0.5,0
4153855,6.088095756231294,-1.698163117381488,0.03870296146489391,4,3,0,41,0.5,0
4153857,6.0910471864966915,-1.690963769321197,0.03863515217657735,4,3,0,41,0.5,0
4153858,6.091142649208727,-1.6912124216026156,0.03916002514982367,4,3,0,41,0.5,0
4153860,6.089965966453805,-1.694828262637438,0.04120881625464705,4,3,0,41,0.5,0
4153861,6.0891206555841695,-1.6968864465374396,0.04026866023621965,4,3,0,41,0.5,0
4153870,6.089612530877245,-1.6954595862443038,0.041075420283969544,4,3,0,41,0.5,0
4153871,6.089179616543514,-1.6975577318914126,0.03952685964987816,4,3,0,41,0.5,0
4153878,6.089064483066586,-1.6980204681669808,0.038831111497441825,4,3,0,41,0.5,0
4153881,6.090223568303902,-1.6958178790950118,0.04108089348832744,4,3,0,41,0.5,0
4153882,6.089838081981059,-1.6962783067376368,0.04081447177710589,4,3,0,41,0.5,0
4153883,6.08976950381442,-1.6980124632134754,0.038925976522491954,4,3,0,41,0.5,0
4153884,6.0893658902867065,-1.698349776611671,0.03835085108025496,4,3,0,41,0.5,0
4153895,6.089934018378181,-1.696768119578016,0.04055515497233609,4,3,0,41,0.5,0
4153904,6.090680339565302,-1.6956098373536583,0.041135112979615585,4,3,0,41,0.5,0
4153905,6.090121451833136,-1.6974153442796565,0.040044030220310965,4,3,0,41,0.5,0
4153906,6.090139481034196,-1.6978204250317523,0.03950843098701078,4,3,0,41,0.5,0
4153912,6.091288396042712,-1.6947466466595673,0.04107891926793647,4,3,0,41,0.5,0
4153913,6.091442580538126,-1.695917990886105,0.04090154181263878,4,3,0,41,0.5,0
4153914,6.090539889603951,-1.6985102547110698,0.038611810934386336,4,3,0,41,0.5,0
4153920,6.091774993130547,-1.696008141370364,0.04072940381965208,4,3,0,41,0.5,0
4153921,6.091177706571922,-1.6966841818190566,0.04076182296353095,4,3,0,41,0.5,0
4153922,6.09057955547968,-1.698304463569467,0.03914369231855325,4,3,0,41,0.5,0
4153925,6.090818405933968,-1.6985353835368537,0.03873922222771824,4,3,0,41,0.5,0
4153931,6.091354741122519,-1.6976020461279655,0.04030266691827636,4,3,0,41,0.5,0
4153932,6.091063627802673,-1.6981347627262866,0.039838923280612476,4,3,0,41,0.5,0
4153933,6.091219035012298,-1.6984445951408604,0.03912776180480572,4,3,0,41,0.5,0
4153944,6.091957011874952,-1.6967533038852967,0.040489007023193094,4,3,0,41,0.5,0
4153945,6.091760748743325,-1.6974433339604824,0.04025945293484128,4,3,0,41,0.5,0
4285767,6.142180782143111,-1.426127583778448,0.04185788950699341,3,4,47,0,0.6499999761581421,5
4285768,6.142305150145787,-1.4259821058991855,0.04257714598940869,3,4,47,0,0.6499999761581421,5
4285772,6.14215857027941,-1.4255739085832928,0.04306034829514105,3,4,47,0,0.6499999761581421,5
4285773,6.1423398049933295,-1.4248287619368112,0.04371950352193163,3,4,47,0,0.6499999761581421,5
4285779,6.141811304276086,-1.4244801796714102,0.04399842035430558,3,4,47,0,0.6499999761581421,5
4285780,6.142000955650617,-1.4186158992619988,0.043408027527979426,3,4,47,0,0.6499999761581421,5
4285781,6.142339845828251,-1.4181767838559751,0.04205027440935542,3,4,47,0,0.6499999761581421,5
4285782,6.14193334818839,-1.4179611991597354,0.04145583930121837,3,4,47,0,0.6499999761581421,5
4285783,6.141172474602071,-1.4255224009511622,0.04308010960563269,3,4,47,0,0.6499999761581421,5
4285788,6.14194293972802,-1.4183491936704513,0.04270960387067067,3,4,47,0,0.6499999761581421,5
4285790,6.140882082310261,-1.4258881773634107,0.042708729139264115,3,4,47,0,0.6499999761581421,5
4285791,6.141246145466738,-1.4248479301189763,0.04368437774841259,3,4,47,0,0.6499999761581421,5
4285796,6.141162124699617,-1.4179356169496342,0.04143525069031585,3,4,47,0,0.6499999761581421,5
4285797,6.140044434405263,-1.4262173647544882,0.041690425625686076,3,4,47,0,0.6499999761581421,5
4285798,6.140181798413285,-1.425895679060324,0.04264695793921141,3,4,47,0,0.6499999761581421,5
4285799,6.1408657308411065,-1.4244918266611362,0.043988878527307096,3,4,47,0,0.6499999761581421,5
4285803,6.140965253711021,-1.4187041718284157,0.043546992760990666,3,4,47,0,0.6499999761581421,5
4285804,6.141337851366025,-1.418336014241733,0.04284738773351371,3,4,47,0,0.6499999761581421,5
4285805,6.141254898140415,-1.4182115820090933,0.042425065736051364,3,4,47,0,0.6499999761581421,5
4285806,6.140519628049679,-1.4192496502884993,0.044028704870016616,3,4,47,0,0.6499999761581421,5
4285807,6.139974868033532,-1.4255629725001762,0.043015125349423346,3,4,47,0,0.6499999761581421,5
4285808,6.140182748116881,-1.4247773182318695,0.043782578111743485,3,4,47,0,0.6499999761581421,5
4285810,6.139959658775458,-1.4243899539253546,0.04413330835942181,3,4,47,0,0.6499999761581421,5
4285815,6.140316958502273,-1.4184875049038106,0.04286692131105137,3,4,47,0,0.6499999761581421,5
4285816,6.139267711035964,-1.4259718884302117,0.0424989262976318,3,4,47,0,0.6499999761581421,5
4285818,6.139868515231371,-1.4190055926037515,0.04354128391851285,3,4,47,0,0.6499999761581421,5
4285819,6.140010023400537,-1.4182630565441685,0.04221303588373998,3,4,47,0,0.6499999761581421,5
4285820,6.139858944692557,-1.41798335922501,0.04141358079272983,3,4,47,0,0.6499999761581421,5
4285821,6.138991847809113,-1.42623782326842,0.04175200403886894,3,4,47,0,0.6499999761581421,5
4285822,6.13922045219832,-1.42448411776759,0.0440707996744783,3,4,47,0,0.6499999761581421,5
4285823,6.138103524933636,-1.4262443896334869,0.04166363434738221,3,4,47,0,0.6499999761581421,5
4285824,6.138846480156539,-1.4254934809257174,0.04302432763350082,3,4,47,0,0.6499999761581421,5
4285825,6.139031227840393,-1.4249032049213988,0.043635615855342924,3,4,47,0,0.6499999761581421,5
4285829,6.139285905910132,-1.4178375394939724,0.04093603514371191,3,4,47,0,0.6499999761581421,5
4285830,6.138098446236152,-1.426016428905539,0.04240754675067467,3,4,47,0,0.6499999761581421,5
4285834,6.139160035182357,-1.4180941976356654,0.041515098467062694,3,4,47,0,0.6499999761581421,5
4285835,6.138400525482405,-1.4254790501562833,0.04301138783947145,3,4,47,0,0.6499999761581421,5
4285837,6.139133016465077,-1.4189541756484843,0.04332736502324428,3,4,47,0,0.6499999761581421,5
4285838,6.138929929234763,-1.418564265589028,0.04256180521270876,3,4,47,0,0.6499999761581421,5
4285839,6.1389526054498536,-1.4182887185499098,0.04194128953277365,3,4,47,0,0.6499999761581421,5
4285840,6.137231355186268,-1.4262589319354628,0.04162925215535797,3,4,47,0,0.6499999761581421,5
4285841,6.138294185514077,-1.4244192656748496,0.044046921114365895,3,4,47,0,0.6499999761581421,5
4285843,6.13805316147527,-1.4247679757946279,0.04368156794323018,3,4,47,0,0.6499999761581421,5
4285847,6.138259724340732,-1.4181830278647924,0.04164541854058825,3,4,47,0,0.6499999761581421,5
4285849,6.137312076491757,-1.4257838073868099,0.0426260920349234,3,4,47,0,0.6499999761581421,5
4285855,6.137271907763142,-1.4254480568043557,0.04298311240272447,3,4,47,0,0.6499999761581421,5
4285856,6.137965868080895,-1.4185434928797644,0.042435475935319225,3,4,47,0,0.6499999761581421,5
4285857,6.136505293953616,-1.4262603442276112,0.04184645192785631,3,4,47,0,0.6499999761581421,5
4285861,6.136179531619788,-1.4259443816036839,0.042440322910516616,3,4,47,0,0.6499999761581421,5
4285862,6.1371191758242105,-1.4247696660113627,0.04361976488915087,3,4,47,0,0.6499999761581421,5
4285866,6.137286019145192,-1.4193194800876587,0.043862391846687165,3,4,47,0,0.6499999761581421,5
4285867,6.137170515820549,-1.4181649097207063,0.04154867328202786,3,4,47,0,0.6499999761581421,5
4285868,6.135991797153127,-1.4263074726206213,0.04142975385797118,3,4,47,0,0.6499999761581421,5
4285869,6.136377482983728,-1.4253208330844749,0.04307367599653843,3,4,47,0,0.6499999761581421,5
4285873,6.137251903318609,-1.4189358956461968,0.04325659333962334,3,4,47,0,0.6499999761581421,5
4285874,6.137005560239639,-1.4183198207140735,0.041929791833536886,3,4,47,0,0.6499999761581421,5
4285875,6.136155184673065,-1.4247035417222282,0.04365316118154931,3,4,47,0,0.6499999761581421,5
4285876,6.136994892991513,-1.4186084469839761,0.04262109022348677,3,4,47,0,0.6499999761581421,5
4285878,6.1362896319010005,-1.4192503543943438,0.043996724214899655,3,4,47,0,0.6499999761581421,5
4285879,6.136193224152217,-1.4180956430248688,0.04137270878033909,3,4,47,0,0.6499999761581421,5
4285881,6.135560079865943,-1.4262818305637903,0.041936094759445056,3,4,47,0,0.6499999761581421,5
4285882,6.13552049682677,-1.4253549003820734,0.04303591016012713,3,4,47,0,0.6499999761581421,5
4285886,6.136230612606055,-1.4189751900115892,0.043548418287022175,3,4,47,0,0.6499999761581421,5
4285887,6.135196097212597,-1.4259360765097604,0.04245766454014076,3,4,47,0,0.6499999761581421,5
4285891,6.136177177194903,-1.418504057058465,0.04251030801554091,3,4,47,0,0.6499999761581421,5
4285892,6.134171259695459,-1.4263727690299925,0.04157800818603352,3,4,47,0,0.6499999761581421,5
4285893,6.135169877693059,-1.4248616345667338,0.043533004555266805,3,4,47,0,0.6499999761581421,5
4285894,6.135152451682121,-1.4243682626594643,0.04397287561274085,3,4,47,0,0.6499999761581421,5
4285896,6.134073404057041,-1.4262903677904841,0.041969976096490454,3,4,47,0,0.6499999761581421,5
4285899,6.135195246679524,-1.4180893346354786,0.041334979085996454,3,4,47,0,0.6499999761581421,5
4285900,6.134046020158895,-1.4259105341974792,0.0424822822770245,3,4,47,0,0.6499999761581421,5
4285901,6.1342597828043175,-1.4248671590546396,0.043597540433964216,3,4,47,0,0.6499999761581421,5
4285902,6.135308823762598,-1.4189999633840684,0.04348555223607134,3,4,47,0,0.6499999761581421,5
4285903,6.135154808440429,-1.4184864086205315,0.042526426298857375,3,4,47,0,0.6499999761581421,5
4285905,6.133346300950542,-1.4263824823356055,0.04175630497420908,3,4,47,0,0.6499999761581421,5
4285906,6.134153298163698,-1.425438828166578,0.042989470518942474,3,4,47,0,0.6499999761581421,5
4285910,6.134259764136925,-1.4179110312782623,0.04060861221310286,3,4,47,0,0.6499999761581421,5
4285911,6.134209054165085,-1.4180971745570925,0.04118746507234925,3,4,47,0,0.6499999761581421,5
4285918,6.133113613069217,-1.4258957665634973,0.0424505885123395,3,4,47,0,0.6499999761581421,5
4285922,6.134266520566314,-1.418616978316674,0.04251704963440346,3,4,47,0,0.6499999761581421,5
4285923,6.133875757204942,-1.4183018626146513,0.041662223669060916,3,4,47,0,0.6499999761581421,5
4285924,6.133997885120513,-1.417419020430713,0.03993826779273983,3,4,47,0,0.6499999761581421,5
4285929,6.1321399697094146,-1.426416432206666,0.04165073967989054,3,4,47,0,0.6499999761581421,5
4285935,6.1330958813797265,-1.4179287567915297,0.04054348951439325,3,4,47,0,0.6499999761581421,5
4285938,6.132288800163305,-1.4262636416917505,0.04189643308338408,3,4,47,0,0.6499999761581421,5
4285940,6.133053421228677,-1.4183490671762267,0.04162439607901011,3,4,47,0,0.6499999761581421,5
4285947,6.133074476880752,-1.4188030050757345,0.042583586045151195,3,4,47,0,0.6499999761581421,5
4285948,6.133016225282326,-1.4181743537160347,0.0412116755327499,3,4,47,0,0.6499999761581421,5
4285968,6.132158298755467,-1.4176736356226725,0.0403817263078646,3,4,47,0,0.6499999761581421,5
4285970,6.131093709025912,-1.4264883226375473,0.04134248908115473,3,4,47,0,0.6499999761581421,5
4285971,6.131160493956155,-1.4259777135119198,0.0422903106602385,3,4,47,0,0.6499999761581421,5
4285975,6.132253113942324,-1.4188599528662877,0.04260309599470208,3,4,47,0,0.6499999761581421,5
4285976,6.131999757757319,-1.4183229717350785,0.0414529250661685,3,4,47,0,0.6499999761581421,5
4285977,6.131993976699191,-1.4181289898947873,0.04102365431115958,3,4,47,0,0.6499999761581421,5
4286000,6.1299639654295355,-1.426371191705953,0.04177584368572905,3,4,47,0,0.6499999761581421,5
4286002,6.131195147636985,-1.4179481720681477,0.04060741366159612,3,4,47,0,0.6499999761581421,5
4286006,6.130168837729261,-1.4258226465543475,0.042486902540230305,3,4,47,0,0.6499999761581421,5
4286011,6.131292918105425,-1.418695849052504,0.042321719897290194,3,4,47,0,0.6499999761581421,5
4286012,6.130979310577565,-1.41819151295229,0.04116606400874605,3,4,47,0,0.6499999761581421,5
4286023,6.130955976336888,-1.418509969189962,0.041926658791661374,3,4,47,0,0.6499999761581421,5
4286032,6.129504286721747,-1.426380708242772,0.041818277128830766,3,4,47,0,0.6499999761581421,5
4286035,6.130369455030199,-1.418442495175715,0.04182681908360387,3,4,47,0,0.6499999761581421,5
4286044,6.130217477953954,-1.4182309047953103,0.04129151053288168,3,4,47,0,0.6499999761581421,5
4286045,6.130318962066797,-1.4178644260907545,0.04067747694316924,3,4,47,0,0.6499999761581421,5
4286054,6.129280722528526,-1.4259563740722596,0.04233995962377447,3,4,47,0,0.6499999761581421,5
4286058,6.13019364086039,-1.4186708730172348,0.04243511241436719,3,4,47,0,0.6499999761581421,5
4286076,6.129108497164933,-1.4183392913035782,0.04146209847159548,3,4,47,0,0.6499999761581421,5
4286077,6.129457324228959,-1.4181661338583629,0.04108823995448098,3,4,47,0,0.6499999761581421,5
4286088,6.128976473197891,-1.4171185921136478,0.04060299776589071,3,4,47,0,0.6499999761581421,5
4286102,6.129292104971129,-1.4186936360836513,0.042406940969932354,3,4,47,0,0.6499999761581421,5
4286111,6.128515378101693,-1.4188827250003906,0.04239146519283394,3,4,47,0,0.6499999761581421,5
4286123,6.1281838288761765,-1.4179463866407063,0.040972158514168716,3,4,47,0,0.6499999761581421,5
4286124,6.128559968668916,-1.4175432119162803,0.040620921898314635,3,4,47,0,0.6499999761581421,5
4386923,6.078337075768207,-1.774038822707903,0.03872122146477424,3,4,40,0,0.6499999761581421,0
4386928,6.0772691037404645,-1.7738082087749303,0.0384632182010468,3,4,40,0,0.6499999761581421,0
4386930,6.077100793862457,-1.774675718861412,0.03943872527563747,3,4,40,0,0.6499999761581421,0
4386932,6.077134672846498,-1.7756265355958833,0.04028680203782542,3,4,40,0,0.6499999761581421,0
4386933,6.076772817109189,-1.7742470358285283,0.03900323939748603,3,4,40,0,0.6499999761581421,0
4386935,6.078031796230846,-1.7733696256420952,0.037918634177828855,3,4,40,0,0.6499999761581421,0
4386940,6.0775963863000735,-1.7733725826146123,0.03793382040999308,3,4,40,0,0.6499999761581421,0
4386941,6.0780994725290824,-1.7731152067655451,0.0376142168844876,3,4,40,0,0.6499999761581421,0
4386942,6.076099032742638,-1.7749831755421632,0.0399974409935508,3,4,40,0,0.6499999761581421,0
4386947,6.076346525032961,-1.7746909602820051,0.03960591556819428,3,4,40,0,0.6499999761581421,0
4386953,6.076079720158342,-1.7738456633067632,0.03862375590266158,3,4,40,0,0.6499999761581421,0
4386955,6.077259547202195,-1.7730132229506057,0.03752033020394156,3,4,40,0,0.6499999761581421,0
4386957,6.076146527256114,-1.7757225066280073,0.04064456105733145,3,4,40,0,0.6499999761581421,0
4386961,6.076248142040704,-1.7732223836444543,0.03783871942594913,3,4,40,0,0.6499999761581421,0
4386986,6.077184095934964,-1.7787316002062652,0.04067131975234985,3,4,40,0,0.6499999761581421,0
4387008,6.0771797254316855,-1.7793519233494413,0.04019843695525463,3,4,40,0,0.6499999761581421,0
4387009,6.076393009173815,-1.7793963160214812,0.040086174526863444,3,4,40,0,0.6499999761581421,0
4387014,6.077174733070892,-1.7800692784440435,0.039583060479123675,3,4,40,0,0.6499999761581421,0
4387015,6.076403919098044,-1.7797693452226528,0.03976393420554536,3,4,40,0,0.6499999761581421,0
4387016,6.076040124285336,-1.7790219525102637,0.040362974991711195,3,4,40,0,0.6499999761581421,0
4387022,6.0761037532595275,-1.7779963541131196,0.04075620723282322,3,4,40,0,0.6499999761581421,0
4387027,6.078088130921401,-1.7804685413685806,0.03919487584690412,3,4,40,0,0.6499999761581421,0
4387028,6.07708964942911,-1.7804610841033301,0.03915505880953755,3,4,40,0,0.6499999761581421,0
4387043,6.078071835454424,-1.7807556841649972,0.03857532133013458,3,4,40,0,0.6499999761581421,0
4387044,6.076183572696613,-1.7803314343239676,0.039188477183894004,3,4,40,0,0.6499999761581421,0
4387052,6.077551880902829,-1.7807435724563458,0.03873760767779255,3,4,40,0,0.6499999761581421,0
4387062,6.085942286994349,-1.7736048999124647,0.038375204679582886,4,3,0,40,0.5,0
4387070,6.076834991193475,-1.7810467505492953,0.0379680612133113,3,4,40,0,0.6499999761581421,0
4387079,6.086426149309177,-1.774625768151027,0.03975395260628939,4,3,0,40,0.5,0
4387086,6.086048832303995,-1.7752694650692948,0.0401614950063228,4,3,0,40,0.5,0
4387087,6.086060747933997,-1.7766161003676448,0.04041630009077417,4,3,0,40,0.5,0
4387088,6.087118646570039,-1.7730050543253617,0.03727593307264079,4,3,0,40,0.5,0
4387095,6.086274986597931,-1.7758651522154398,0.040438296754666134,4,3,0,40,0.5,0
4387096,6.086351112224718,-1.777454524036637,0.04036091880262538,4,3,0,40,0.5,0
4387106,6.087117103010018,-1.773911652033987,0.03857088898234949,4,3,0,40,0.5,0
4387107,6.086079887844914,-1.7786134033681407,0.04000140807418898,4,3,0,40,0.5,0
4387108,6.087363576760736,-1.7735087715559827,0.037952133062362454,4,3,0,40,0.5,0
4387116,6.087178964415479,-1.7744908441519016,0.03933299274767922,4,3,0,40,0.5,0
4387117,6.087122797731455,-1.7752223348627474,0.0401972109836151,4,3,0,40,0.5,0
4387118,6.086058164833554,-1.778996460977026,0.039830559731724675,4,3,0,40,0.5,0
4387119,6.088001289891335,-1.773050969461939,0.03729414998790821,4,3,0,40,0.5,0
4387122,6.08716654009903,-1.7757481885826583,0.04057431802803675,4,3,0,40,0.5,0
4387123,6.088258733068595,-1.7734403073503868,0.037798474021933495,4,3,0,40,0.5,0
4387128,6.086254689308678,-1.7797711909502085,0.039231414223987834,4,3,0,40,0.5,0
4387129,6.086199716171065,-1.780246143212821,0.038619404327586815,4,3,0,40,0.5,0
4387132,6.087235832293434,-1.776979739526222,0.04078630415398743,4,3,0,40,0.5,0
4387133,6.087126635047335,-1.7778865933969863,0.04046995528156344,4,3,0,40,0.5,0
4387134,6.088065615392611,-1.7739923662304509,0.0385280996609285,4,3,0,40,0.5,0
4387139,6.085989000977474,-1.78053446979569,0.03823692410395127,4,3,0,40,0.5,0
4387140,6.087886597431556,-1.7748467975395326,0.039590214741814456,4,3,0,40,0.5,0
4387148,6.088272952954864,-1.7743470505953778,0.03896069907420713,4,3,0,40,0.5,0
4387149,6.088179561156688,-1.7753211649363758,0.03996347223295434,4,3,0,40,0.5,0
4387150,6.0880566935456875,-1.7757259890729482,0.04030555323729741,4,3,0,40,0.5,0
4387151,6.086921570240124,-1.7789857760688212,0.03984183010639242,4,3,0,40,0.5,0
4387152,6.089031447615347,-1.773065641885214,0.03730718330209262,4,3,0,40,0.5,0
4387157,6.086968246888463,-1.7796194173763167,0.03939761316206264,4,3,0,40,0.5,0
4387158,6.085935551565778,-1.7809849565337748,0.037598636327477473,4,3,0,40,0.5,0
4387159,6.0875874956344145,-1.77856439615052,0.040240554979318124,4,3,0,40,0.5,0
4387160,6.089112951784609,-1.773453277768935,0.03781895738619865,4,3,0,40,0.5,0
4387161,6.088933089124042,-1.7743395538856919,0.038941349357410976,4,3,0,40,0.5,0
4387162,6.087183813270691,-1.7801091993865623,0.03879434319962759,4,3,0,40,0.5,0
4387163,6.088216786270841,-1.7767999749113514,0.04068118347420514,4,3,0,40,0.5,0
4387164,6.08819094359929,-1.777694123140009,0.0408058262384056,4,3,0,40,0.5,0
4387165,6.0882548012490405,-1.7785079969549904,0.04042933950156258,4,3,0,40,0.5,0
4387166,6.0878213082261405,-1.779035009071832,0.03995269699587605,4,3,0,40,0.5,0
4387167,6.089007170671346,-1.7741142957816591,0.03866444530863603,4,3,0,40,0.5,0
4387178,6.089127673357053,-1.774792903292356,0.03941375230218225,4,3,0,40,0.5,0
4387179,6.089094676407311,-1.7768121627885678,0.04041068085962396,4,3,0,40,0.5,0
4387180,6.090146756650439,-1.7731252306394154,0.037467112101737206,4,3,0,40,0.5,0
4387183,6.088182495437453,-1.7797613493368338,0.039359572832619844,4,3,0,40,0.5,0
4387184,6.088172731224441,-1.780527697594143,0.03827612588021047,4,3,0,40,0.5,0
4387185,6.089025815896359,-1.7760057004470207,0.04018039853338358,4,3,0,40,0.5,0
4387186,6.089481251272481,-1.775600438794582,0.03995488068857937,4,3,0,40,0.5,0
4387187,6.090043157288679,-1.773478804212765,0.03796748075243629,4,3,0,40,0.5,0
4387192,6.087987222844342,-1.7801090942014008,0.03886299346925108,4,3,0,40,0.5,0
4387193,6.089925383542418,-1.7756101489265048,0.039953753779462156,4,3,0,40,0.5,0
4387194,6.0892607205305485,-1.7779578268739922,0.04044625926952661,4,3,0,40,0.5,0
4387195,6.090241944018436,-1.773772949983346,0.03844667615999721,4,3,0,40,0.5,0
4387201,6.089059470871688,-1.7789622150460063,0.04016007840641963,4,3,0,40,0.5,0
4387204,6.089258695118458,-1.7802191201473596,0.038848046754863856,4,3,0,40,0.5,0
4387205,6.0889866972085755,-1.7805112111802148,0.0383619841792366,4,3,0,40,0.5,0
4387206,6.0901182503753155,-1.7748050857289606,0.039506564901122226,4,3,0,40,0.5,0
4387207,6.089548857567996,-1.7790592737471072,0.0399696638447915,4,3,0,40,0.5,0
4387208,6.089214021714681,-1.7797856430287053,0.03946482571244664,4,3,0,40,0.5,0
4387209,6.090443203010992,-1.7742368940747355,0.03907746380089239,4,3,0,40,0.5,0
4387212,6.0903123959246015,-1.775879800609346,0.04007175786697946,4,3,0,40,0.5,0
4387213,6.090323939373464,-1.7765994693241194,0.040235605236963456,4,3,0,40,0.5,0
4387214,6.091241398548563,-1.7731523765720267,0.03759720753436631,4,3,0,40,0.5,0
4387215,6.091177843077229,-1.7735943691549279,0.038360675334621244,4,3,0,40,0.5,0
4387220,6.090279950829651,-1.7775925795612417,0.04028927247510894,4,3,0,40,0.5,0
4387221,6.090236953991067,-1.7786055711540603,0.04005635854537898,4,3,0,40,0.5,0
4387222,6.091369133682169,-1.7740598112281016,0.03909995312289371,4,3,0,40,0.5,0
4387226,6.090111033094674,-1.7789718857334933,0.03990254070154264,4,3,0,40,0.5,0
4387227,6.091601857731567,-1.7733561229503587,0.03791842843932182,4,3,0,40,0.5,0
4387230,6.089966855488375,-1.7802621966447265,0.03875553271449746,4,3,0,40,0.5,0
4387231,6.0910802487823075,-1.7749209458243138,0.039783676001070134,4,3,0,40,0.5,0
4387232,6.091122650597755,-1.7766842054928615,0.040234263371507324,4,3,0,40,0.5,0
4387233,6.090017227113726,-1.7796591297620494,0.03947920905978631,4,3,0,40,0.5,0
4387238,6.090302315532629,-1.7805635385311909,0.03824853690940508,4,3,0,40,0.5,0
4387239,6.091192004627897,-1.7776942047491862,0.040188363877768404,4,3,0,40,0.5,0
4387242,6.092029246517106,-1.774261683315666,0.03937511202606794,4,3,0,40,0.5,0
4387247,6.091636271069719,-1.7751262958229759,0.03999816541012299,4,3,0,40,0.5,0
4387248,6.091502822547283,-1.7758278300718275,0.0401380277773727,4,3,0,40,0.5,0
4387249,6.091204077764024,-1.7783451104780983,0.040000429933877354,4,3,0,40,0.5,0
4387250,6.092157300163097,-1.7744723846094244,0.03963656888469143,4,3,0,40,0.5,0
4387254,6.091034988522377,-1.780446538627664,0.038341908208135954,4,3,0,40,0.5,0
4387255,6.092018910615199,-1.7749333200424848,0.03997375662048523,4,3,0,40,0.5,0
4387256,6.092129819427851,-1.7757595082289073,0.040087538853492186,4,3,0,40,0.5,0
4387257,6.091904163319954,-1.776865054603019,0.04016241658531794,4,3,0,40,0.5,0
4387258,6.091798537379391,-1.7777298353159106,0.04006571858273109,4,3,0,40,0.5,0
4387259,6.091611842453153,-1.7782475435331777,0.039951542462433556,4,3,0,40,0.5,0
4387260,6.09126848376843,-1.7790316272782096,0.03969176797480889,4,3,0,40,0.5,0
4387265,6.091758414152546,-1.7786788729703211,0.0397173945392167,4,3,0,40,0.5,0
4387266,6.091147884245624,-1.7796872822078451,0.03926717494860323,4,3,0,40,0.5,0
4387277,6.0914593158555395,-1.7801909142022145,0.03861613596443892,4,3,0,40,0.5,0
4420084,6.248107015716609,-1.6999571491504164,0.03955557465469016,4,3,0,41,1.0,0
4420108,6.24715705427767,-1.6997275789081423,0.03956799614986897,4,3,0,41,1.0,0
4420149,6.246039782832937,-1.6996603714838738,0.039777924453194,4,3,0,41,1.0,0
4420216,6.2441689589198965,-1.699681291996425,0.039581186458898826,4,3,0,41,1.0,0
4420319,6.242050533045601,-1.6979659278471522,0.0383340087595809,3,4,41,0,1.0,0
4420339,6.241331579422659,-1.698006890666832,0.038422730566411226,3,4,41,0,1.0,0
4420368,6.240247818280963,-1.699448019417816,0.03985484641426043,4,3,0,41,1.0,0
4420472,6.236396637195717,-1.6993628770167255,0.03974495664412603,4,3,0,41,1.0,0
4420513,6.234862584711256,-1.6992764801012292,0.03998728845602016,4,3,0,41,1.0,0
4420530,6.23431176829294,-1.6992412040810407,0.04000786466952222,4,3,0,41,1.0,0
4452753,6.049230748978241,-2.356816521881209,0.031148587930154237,4,3,0,87,0.6499999761581421,0
4452768,6.049158528336632,-2.3557062829794138,0.03131693934865355,4,3,0,87,0.6499999761581421,0
4452775,6.049464770411421,-2.354880855118491,0.031362741909306005,4,3,0,87,0.6499999761581421,0
4452782,6.0501606324697885,-2.3566861321786408,0.03158200245063575,4,3,0,87,0.6499999761581421,0
4452790,6.050034185386269,-2.3557585586445775,0.031716331435087175,4,3,0,87,0.6499999761581421,0
4452803,6.0496680163145715,-2.3540222621947615,0.031242603631176178,4,3,0,87,0.6499999761581421,0
4452804,6.050132311701878,-2.3547986275251764,0.03178240914201766,4,3,0,87,0.6499999761581421,0
4452805,6.051052436813975,-2.35680860579103,0.031768747585918314,4,3,0,87,0.6499999761581421,0
4452807,6.048659306257878,-2.3531445373596123,0.03006657155024762,4,3,0,87,0.6499999761581421,0
4452817,6.048133362973413,-2.3528180448849163,0.029452646124207955,4,3,0,87,0.6499999761581421,0
4452819,6.051045167031292,-2.3556057604221285,0.03190426246194282,4,3,0,87,0.6499999761581421,0
4452825,6.047763609762348,-2.352894903047762,0.02815945986319736,4,3,0,87,0.6499999761581421,0
4452826,6.049059603989991,-2.3529164768871142,0.03054465807597012,4,3,0,87,0.6499999761581421,0
4452827,6.051020354566467,-2.35465832865497,0.03198769151222533,4,3,0,87,0.6499999761581421,0
4452828,6.0511478470239695,-2.355016588862007,0.03196734443185424,4,3,0,87,0.6499999761581421,0
4452840,6.047944716137943,-2.3519080059893236,0.029529613503515614,4,3,0,87,0.6499999761581421,0
4452841,6.048365475665706,-2.351831890923374,0.03014206503907678,4,3,0,87,0.6499999761581421,0
4452842,6.049669975224076,-2.352442289030461,0.031062829014524316,4,3,0,87,0.6499999761581421,0
4452849,6.047677518081367,-2.3519964807651457,0.02857206343633787,4,3,0,87,0.6499999761581421,0
4452855,6.047701431011214,-2.351802383765238,0.028370479546148394,4,3,0,87,0.6499999761581421,0
4452856,6.049166750156335,-2.3519326274780563,0.030801194800148278,4,3,0,87,0.6499999761581421,0
4452863,6.049373147348689,-2.351712605056119,0.030973871336211236,4,3,0,87,0.6499999761581421,0
4452866,6.05216059973786,-2.3549005741626017,0.031845166883443944,4,3,0,87,0.6499999761581421,0
4452868,6.053168008910635,-2.3568888081165995,0.03147221238477145,4,3,0,87,0.6499999761581421,0
4452875,6.0478314342330135,-2.350833738145875,0.028520543048738557,4,3,0,87,0.6499999761581421,0
4452876,6.047882061368299,-2.35090225267713,0.029391468161645326,4,3,0,87,0.6499999761581421,0
4452882,6.04819291078891,-2.350756039408505,0.030218682549158105,4,3,0,87,0.6499999761581421,0
4452884,6.053055591539323,-2.3559434070577976,0.03152205503945825,4,3,0,87,0.6499999761581421,0
4452894,6.053205518702525,-2.35478477300721,0.03149072462070316,4,3,0,87,0.6499999761581421,0
4452895,6.053810731902708,-2.3568482093645264,0.03116654196219106,4,3,0,87,0.6499999761581421,0
4452902,6.053350920189747,-2.3537331576044043,0.03142496761264498,4,3,0,87,0.6499999761581421,0
4452910,6.048489771332235,-2.349868035897499,0.030246598315439792,4,3,0,87,0.6499999761581421,0
4452919,6.048155405663869,-2.3496924895703164,0.029269533748135936,4,3,0,87,0.6499999761581421,0
4452922,6.053093457178382,-2.3519740282669863,0.03150045821360909,4,3,0,87,0.6499999761581421,0
4452923,6.053939281401313,-2.3558084830586723,0.031105229728488795,4,3,0,87,0.6499999761581421,0
4452924,6.0543381895793935,-2.356868596243736,0.030787447541548767,4,3,0,87,0.6499999761581421,0
4452934,6.047990474583912,-2.3496557400510967,0.02839947654077287,4,3,0,87,0.6499999761581421,0
4452936,6.0538864468468585,-2.3526778738690877,0.03113818516932666,4,3,0,87,0.6499999761581421,0
4452937,6.054123070047874,-2.3537649380315067,0.03100233057535902,4,3,0,87,0.6499999761581421,0
4452938,6.054058722379069,-2.35479077581557,0.03103556392215981,4,3,0,87,0.6499999761581421,0
4452956,6.048035747677675,-2.3487351114580055,0.028399704069534376,4,3,0,87,0.6499999761581421,0
4452957,6.048420753315159,-2.348962820557657,0.0296459778670917,4,3,0,87,0.6499999761581421,0
4452958,6.048636849384651,-2.3489866953224197,0.03007014185573017,4,3,0,87,0.6499999761581421,0
4452959,6.048994517792469,-2.3487329751111026,0.030519374350733326,4,3,0,87,0.6499999761581421,0
4452962,6.0542490329459,-2.352818315555354,0.030915733537116862,4,3,0,87,0.6499999761581421,0
4452963,6.054567841676006,-2.354738686037976,0.030548801170524567,4,3,0,87,0.6499999761581421,0
4452964,6.054344191146095,-2.355649211868326,0.03081249081555722,4,3,0,87,0.6499999761581421,0
4452973,6.054005753652731,-2.3516823026618914,0.03105688783017658,4,3,0,87,0.6499999761581421,0
4452974,6.054595920934526,-2.3538897837506436,0.03058963654495063,4,3,0,87,0.6499999761581421,0
4452984,6.054746087273694,-2.3538019282977984,0.030362804546526637,4,3,0,87,0.6499999761581421,0
4452985,6.054894431208666,-2.356664223741662,0.03009013148258286,4,3,0,87,0.6499999761581421,0
4452997,6.054521575710303,-2.3519493818421164,0.030685606805544927,4,3,0,87,0.6499999761581421,0
4452998,6.054859684190873,-2.3545892959054404,0.030138121440573602,4,3,0,87,0.6499999761581421,0
4452999,6.055028652094468,-2.354816084634928,0.02979715949852252,4,3,0,87,0.6499999761581421,0
4453000,6.054811313476661,-2.3558466439632713,0.030225221492400797,4,3,0,87,0.6499999761581421,0
4453014,6.054817337210891,-2.351808922927246,0.030248438118839358,4,3,0,87,0.6499999761581421,0
4453015,6.0548643265380555,-2.3527274596050973,0.03017772238395746,4,3,0,87,0.6499999761581421,0
4453024,6.0547692990096085,-2.351005842832705,0.03030299184404408,4,3,0,87,0.6499999761581421,0
4453025,6.055188321303152,-2.3526270114028405,0.029575684985661953,4,3,0,87,0.6499999761581421,0
4453034,6.054865006731172,-2.3499820715743596,0.030156095541814004,4,3,0,87,0.6499999761581421,0
4453047,6.055234020246807,-2.3518812037220247,0.029474066848629778,4,3,0,87,0.6499999761581421,0
4453059,6.055297504548707,-2.3498524952432565,0.029354875031807087,4,3,0,87,0.6499999761581421,0
4453060,6.05546887471238,-2.350437866082647,0.028943765301667243,4,3,0,87,0.6499999761581421,0
4453061,6.055323873407385,-2.3508603776482038,0.029276921227807257,4,3,0,87,0.6499999761581421,0
4453084,6.054596526458071,-2.348748950107521,0.030615802265012135,4,3,0,87,0.6499999761581421,0
4453085,6.055527171812577,-2.34941716015567,0.028827742493766594,4,3,0,87,0.6499999761581421,0
4453098,6.054855912210868,-2.348769368723633,0.030194438747042786,4,3,0,87,0.6499999761581421,0
4453099,6.055329920475857,-2.348740718461857,0.029305817993095264,4,3,0,87,0.6499999761581421,0
4453100,6.0555564457842195,-2.3488356399092867,0.02876421010441845,4,3,0,87,0.6499999761581421,0
4453121,6.055221124578697,-2.3479096028946747,0.029566403241540078,4,3,0,87,0.5,0
4453132,6.0549681942435845,-2.347691940791493,0.030038272952239528,4,3,0,87,0.5,0
4785394,3.856803439661798,-2.3093922062873222,0.02588361938247169,3,4,31,0,0.5,5
4785786,3.8566366581765545,-2.3099173141900313,0.02575822177701978,3,4,31,0,0.5,5
6372176,3.15773605348923,-1.3900333332051118,0.028014248061401945,4,3,0,20,0.6499999761581421,0
6372177,3.157692690303066,-1.389224088897394,0.02803439652083238,4,3,0,20,0.6499999761581421,0
6373015,3.157911720653323,-1.390965760218291,0.028030231344319922,4,3,0,20,0.6499999761581421,0
6373016,3.157177732779112,-1.3888070478670087,0.02847658110825558,4,3,0,20,0.6499999761581421,0
6373764,3.157310519775824,-1.3896219413433197,0.028378638085788013,4,3,0,20,0.6499999761581421,0
6374570,3.1574351036202257,-1.3906151758077452,0.028452476536240084,4,3,0,20,0.6499999761581421,0
6376174,3.157510351879563,-1.3918456649252378,0.028758593090215147,4,3,0,20,0.6499999761581421,0
6376175,3.156900493998773,-1.3908381769646465,0.02899484489604668,4,3,0,20,0.6499999761581421,0
6376176,3.156671397257088,-1.3895780483007973,0.02886658407449412,4,3,0,20,0.6499999761581421,0
6376986,3.156342263125482,-1.3885692949445767,0.028896220483279125,4,3,0,20,0.6499999761581421,0
6377795,3.1562668480263243,-1.3907727885182588,0.029356627032440998,4,3,0,20,0.6499999761581421,0
6377796,3.15614108696948,-1.3900857689149397,0.02925444126948959,4,3,0,20,0.6499999761581421,0
6378598,3.158770636551986,-1.3948002875514676,0.026506896999038236,4,3,0,20,0.6499999761581421,0
6378599,3.1569660702153493,-1.3917680985760885,0.029087558636656824,4,3,0,20,0.6499999761581421,0
6378600,3.156041876778391,-1.3889061758141337,0.0290263705811517,4,3,0,20,0.6499999761581421,0
6379420,3.1557371420955493,-1.3882327695283245,0.02901320871321704,4,3,0,20,0.6499999761581421,0
6380207,3.1565033802238007,-1.3916537731866492,0.029230293846224012,4,3,0,20,0.6499999761581421,0
6380208,3.15534865732278,-1.3898354413784686,0.02936733150224039,4,3,0,20,0.6499999761581421,0
6380980,3.1582704612695007,-1.3947507589418817,0.027566608763625308,4,3,0,20,0.6499999761581421,0
6381809,3.155190669346136,-1.3908700344670828,0.02948176928061365,4,3,0,20,0.6499999761581421,0
6381810,3.1552378045123044,-1.389104996625243,0.02921992941524164,4,3,0,20,0.6499999761581421,0
6382627,3.154378007746056,-1.3881409673649978,0.029045268390823088,4,3,0,20,0.6499999761581421,0
6383390,3.1551987826616195,-1.39164507999575,0.029301174335265516,4,3,0,20,0.6499999761581421,0
6384146,3.1540023323047066,-1.3897310065679103,0.029334166676601242,4,3,0,20,0.6499999761581421,0
6384972,3.1550958506591424,-1.3925581592865748,0.029121182486987127,4,3,0,20,0.6499999761581421,0
6384973,3.154293673133399,-1.3909179485751149,0.029297119276839555,4,3,0,20,0.6499999761581421,0
6384974,3.1541058453297763,-1.3887711321215486,0.02912434653694898,4,3,0,20,0.6499999761581421,0
6385738,3.153608305649776,-1.3904009036591038,0.02905612667589933,4,3,0,20,0.6499999761581421,0
6385739,3.153318690388182,-1.389691029405736,0.028990213023039967,4,3,0,20,0.6499999761581421,0
6386526,3.154490631625399,-1.3929113601780156,0.029049068412843687,4,3,0,20,0.6499999761581421,0
6386527,3.153521827787113,-1.3889764589976104,0.029006384425571137,4,3,0,20,0.6499999761581421,0
6387284,3.154365912442401,-1.3918431667776496,0.029106478586626926,4,3,0,20,0.6499999761581421,0
6387285,3.152983197675991,-1.3898536968980029,0.02869213462265341,4,3,0,20,0.6499999761581421,0
6388103,3.1538505325686903,-1.3927662527137405,0.028895443385047542,4,3,0,20,0.6499999761581421,0
6388104,3.153835157637508,-1.391942445248368,0.028917724489061734,4,3,0,20,0.6499999761581421,0
6388105,3.152817083550031,-1.3888118931852071,0.028601474679160056,4,3,0,20,0.6499999761581421,0
6388912,3.1524330987855764,-1.3897355358772396,0.02816751843603369,4,3,0,20,0.6499999761581421,0
6390465,3.1520048116317705,-1.3899673345034331,0.027561556662498314,4,3,0,20,0.6499999761581421,0
6390466,3.1522929848372914,-1.388569752409353,0.028077215070948104,4,3,0,20,0.6499999761581421,0
6390467,3.1519898322159676,-1.3876658577780272,0.02754324646043868,4,3,0,20,0.6499999761581421,0
6392111,3.1520286020568538,-1.386757350868042,0.027521365777874375,4,3,0,20,0.6499999761581421,0
6392890,3.151946010511975,-1.388835047975674,0.027566657974012566,4,3,0,20,0.6499999761581421,0
6392891,3.1513400669500586,-1.3876298413812487,0.026399470723643098,4,3,0,20,0.6499999761581421,0
6393679,3.1514400320038334,-1.3888108345328265,0.0266180765072061,4,3,0,20,0.6499999761581421,0
6393680,3.151957332285552,-1.3857026569857225,0.02740513311844677,4,3,0,20,0.5,0
6394499,3.151372135197022,-1.3869269950381828,0.026408063055617624,4,3,0,20,0.6499999761581421,0
6395308,3.1512518635202973,-1.3879609964602628,0.025451399096284508,4,3,0,20,0.6499999761581421,0
6396095,3.1512220540278317,-1.3867301654909951,0.025556675370735242,4,3,0,20,0.6499999761581421,0
6396096,3.1513181059294446,-1.385966912941804,0.026291758782970853,4,3,0,20,0.5,0
6396856,3.1512495195958214,-1.3887308489249603,0.025520309448784605,4,3,0,20,0.6499999761581421,0
6398548,3.151322104251585,-1.3897836254450024,0.024523219870988607,4,3,0,20,0.6499999761581421,0
6399299,3.1513254923833314,-1.3889051366572784,0.024449866436013136,4,3,0,20,0.6499999761581421,0
6399300,3.151300175898908,-1.3876741198004405,0.02445336343639598,4,3,0,20,0.6499999761581421,0
6399301,3.1513101314526932,-1.3869895725018035,0.024652806630983987,4,3,0,20,0.6499999761581421,0
6399302,3.151211974802571,-1.385982309873218,0.025502984037877312,4,3,0,20,0.5,0
6400081,3.151293646978367,-1.385803896796997,0.024726937397553883,4,3,0,20,0.5,0
6400904,3.150810942041877,-1.388071137112454,0.0237709298586977,4,3,0,20,0.5,0
6400906,3.1514279880355076,-1.3817400454092308,0.02649666173438355,4,3,0,20,0.5,0
6400907,3.1514210227646657,-1.3806794797466182,0.026358369257247494,4,3,0,20,0.5,0
6401689,3.1509099328911034,-1.38886041437484,0.023589903863027936,4,3,0,20,0.5,0
6401690,3.1506214925085274,-1.3877390194985342,0.023814655927697922,4,3,0,20,0.5,0
6402484,3.151291630899972,-1.389566403577993,0.023508778337263142,4,3,0,20,0.5,0
6403235,3.1517077982491695,-1.390200457011833,0.022849416088469958,4,3,0,20,0.5,0
6403237,3.1511820754732787,-1.3807941882458057,0.02542789447094053,4,3,0,20,0.5,0
6404063,3.1511663610288942,-1.3817373051544173,0.025577664723961543,4,3,0,20,0.5,0
6404815,3.1510886965089346,-1.389977422304492,0.022454475398062605,4,3,0,20,0.5,0
6404817,3.1503723131526034,-1.386841632292314,0.024051018114149135,4,3,0,20,0.6499999761581421,0
6405606,3.1505307188121554,-1.3868997992332965,0.023938703937549884,4,3,0,20,0.6499999761581421,0
6405607,3.1509063125836625,-1.386468165121892,0.023769637641184144,4,3,0,20,0.5,0
6405608,3.151312259535443,-1.3807204733964316,0.02487702671590737,4,3,0,20,0.5,0
6407168,3.1505027527247034,-1.386108921977655,0.023954988637736138,4,3,0,20,0.5,0
6407169,3.1509492289191168,-1.3858024795176214,0.02365257823558238,4,3,0,20,0.5,0
6410344,3.1504625478280155,-1.3847309782252766,0.023826237491702547,4,3,0,20,0.5,0
6410345,3.1509231949067926,-1.384946853994248,0.02355058899330613,4,3,0,20,0.5,0
6413482,3.150237247567289,-1.3835987365825648,0.02369186349739484,4,3,0,20,0.5,0
6413483,3.151110875704699,-1.383645846386818,0.0231869435422069,4,3,0,20,0.5,0
6415781,3.149652714337906,-1.3826971678127866,0.023884192976084177,4,3,0,20,0.5,0
6415782,3.1501328945095546,-1.382824281813663,0.02357864171440003,4,3,0,20,0.5,0
6415783,3.1508935790885246,-1.382791847606375,0.023143081539356854,4,3,0,20,0.5,0
6416607,3.151395190593523,-1.3827285791850548,0.022929688527230895,4,3,0,20,0.5,0
6418182,3.1508145518489097,-1.3821337602698773,0.02307187664680809,4,3,0,20,0.5,0
6418949,3.151680710695879,-1.3814549591640772,0.022667079439622886,4,3,0,20,0.5,0
6419767,3.1502550760938783,-1.3817477692644595,0.02327637658060939,4,3,0,20,0.5,0
6419768,3.151189191249973,-1.3816983757634003,0.02285399280033719,4,3,0,20,0.5,0
6422115,3.1499533853627337,-1.3807827384782576,0.023229392912321914,4,3,0,20,0.5,0
6422116,3.151399845774539,-1.380920482074452,0.022655227203903137,4,3,0,20,0.5,0
6422117,3.1517588080660026,-1.380700421114848,0.02253341822291611,4,3,0,20,0.5,0
6422896,3.1503799306154723,-1.3806443964147648,0.022969347607130354,4,3,0,20,0.5,0
6424443,3.149689904450698,-1.3801451926250219,0.023218102701813424,4,3,0,20,0.5,0
6425215,3.1501784546144775,-1.3796605733019969,0.022841676931010343,4,3,0,20,0.5,0
6426032,3.151076820547142,-1.3796781786684202,0.022530498649691456,4,3,0,20,0.5,0
6426033,3.1516806465267173,-1.379714625326916,0.022390640162098838,4,3,0,20,0.5,0
6426806,3.1509705377477033,-1.3790084751723302,0.022445841644185345,4,3,0,20,0.5,0
6429169,3.1501816864068113,-1.3789015843789252,0.02268292976406716,4,3,0,20,0.5,0
7421304,2.5692707140409525,-1.382650221680272,0.02357010807317783,4,3,0,6,0.5,0
7423157,2.5682463163742524,-1.3832625013322757,0.02318932521410308,4,3,0,6,0.5,0
7423548,2.56806167252777,-1.3864961062905958,0.02377302866567077,4,3,0,6,0.5,0
7423890,2.5675686666907334,-1.3856633467518789,0.023381936128368183,4,3,0,6,0.5,0
7424277,2.5678378014892846,-1.3877340780628604,0.023798305944259322,4,3,0,6,0.5,0
7424651,2.5676524961170797,-1.3867544464881056,0.023561774511413974,4,3,0,6,0.5,0
7425011,2.5676625835093247,-1.387467101347491,0.023653666435639792,4,3,0,6,0.5,0
7479527,2.558942157751764,-1.385951248967027,0.02402528504877873,4,3,0,6,0.5,0
7479528,2.5589183731602416,-1.3869177568793343,0.02437959738676263,4,3,0,6,0.5,0
7480311,2.5590281490955094,-1.3849309402047123,0.023683877208695817,4,3,0,6,0.5,0
7568511,2.464322632002556,-1.3877403320461328,0.025220646718959155,4,3,0,3,0.5,0
7568513,2.464333928108468,-1.3849851196306244,0.024744273630662526,4,3,0,3,0.5,0
7568857,2.4643756485640878,-1.3867399993968363,0.02508298648007653,4,3,0,3,0.5,0
7569206,2.464014453185791,-1.38589297230704,0.024763735449129243,4,3,0,3,0.5,0
7569568,2.4637334494257184,-1.387669150254939,0.024886342151788164,4,3,0,3,0.5,0
7569569,2.4639004584198085,-1.3868507915622912,0.024845955971643935,4,3,0,3,0.5,0
7569570,2.463247393692267,-1.384878371199895,0.024240410488231043,4,3,0,3,0.5,0
7569918,2.464244287289481,-1.3937355793163482,0.023438497211486067,4,3,0,3,0.5,0
7569920,2.4643180328237184,-1.3890642704721765,0.025356081113976872,4,3,0,3,0.6499999761581421,0
7569921,2.463566631772402,-1.3892457221300918,0.025020863893939073,4,3,0,3,0.6499999761581421,0
7569922,2.463207440805379,-1.3858268978901802,0.02437448219015985,4,3,0,3,0.5,0
7570259,2.4642957334566153,-1.3929150135488442,0.024239190467343734,4,3,0,3,0.6499999761581421,0
7570260,2.4645084577283285,-1.3908263617693388,0.025188901847813888,4,3,0,3,0.6499999761581421,0
7570261,2.4642767370512795,-1.3899305264976367,0.02526245728749108,4,3,0,3,0.6499999761581421,0
7570262,2.46363599513624,-1.3894226272500734,0.02503476383017162,4,3,0,3,0.6499999761581421,0
7570581,2.4640887354075636,-1.3918854512126142,0.02470890203857,4,3,0,3,0.6499999761581421,0
7570582,2.4631629517421034,-1.3878572761833885,0.02461812862239944,4,3,0,3,0.5,0
7570583,2.4631327945694514,-1.3869370220857433,0.02447089061864216,4,3,0,3,0.5,0
7570936,2.463745604231687,-1.3931387718575552,0.023871166225229425,4,3,0,3,0.5,0
7570937,2.4637816252990214,-1.3908006095401186,0.02486230575089006,4,3,0,3,0.6499999761581421,0
7570938,2.463448596682646,-1.3898804438524153,0.02489045814708371,4,3,0,3,0.6499999761581421,0
7570939,2.4629540834536616,-1.3889025963449488,0.024698173357376757,4,3,0,3,0.6499999761581421,0
7571596,2.4633521457655174,-1.3936760105110568,0.02326011959225946,4,3,0,3,0.5,0
7571597,2.4632086273515172,-1.392623510102064,0.02398538709285005,4,3,0,3,0.6499999761581421,0
7571598,2.4631414749069833,-1.390594188194315,0.02461945108957013,4,3,0,3,0.6499999761581421,0
7571956,2.4629755999569904,-1.393185643635042,0.023547725339650168,4,3,0,3,0.5,0
7571957,2.4630650657691726,-1.391924929198655,0.02443265502284942,4,3,0,3,0.6499999761581421,0
7572937,2.4622739230058457,-1.3933728065752016,0.023158240059684747,4,3,0,3,0.5,0
7572938,2.462206716892558,-1.3928605861217105,0.02344071377917839,4,3,0,3,0.5,0
7586988,2.453462163530137,-1.3885832152032695,0.024722646992711546,4,3,0,3,0.6499999761581421,0
7587323,2.454104545842296,-1.3899669835839714,0.024603645716641434,4,3,0,3,0.6499999761581421,0
7587324,2.453570325902662,-1.3897792326043525,0.024721792155486443,4,3,0,3,0.6499999761581421,0
7587664,2.4539715920057628,-1.390625399170715,0.02449347424839808,4,3,0,3,0.6499999761581421,0
7587665,2.452968116985966,-1.3887317847101912,0.024982087596463885,4,3,0,3,0.6499999761581421,0
7587666,2.453294356505016,-1.3878042311250383,0.024700916274937354,4,3,0,3,0.5,0
7587943,2.4531943051145504,-1.3909253210574977,0.024700593271607084,4,3,0,3,0.6499999761581421,0
7588254,2.4529783023820215,-1.3899521044174479,0.024970476482890615,4,3,0,3,0.6499999761581421,0
7588606,2.453119035854397,-1.3920657802909597,0.02433089517623733,4,3,0,3,0.6499999761581421,0
7588607,2.452636918940772,-1.391138837414482,0.024909877726877777,4,3,0,3,0.6499999761581421,0
7588608,2.4531661908546702,-1.3869457057555716,0.02461095983287235,4,3,0,3,0.5,0
7588926,2.4528997814954296,-1.3923770993527098,0.024271765497594584,4,3,0,3,0.6499999761581421,0
7588927,2.4527356612803355,-1.390419942173354,0.02502711661766794,4,3,0,3,0.6499999761581421,0
7588928,2.4523555219987445,-1.3889309183564793,0.025310574836610387,4,3,0,3,0.6499999761581421,0
7588929,2.4540392519700314,-1.3868268963952346,0.02419892928216657,4,3,0,3,0.5,0
7589246,2.452110864818663,-1.3876625308439072,0.025316227613667745,4,3,0,3,0.5,0
7589568,2.452241879579796,-1.392072795959885,0.02472128499971113,4,3,0,3,0.6499999761581421,0
7589570,2.4522664307011253,-1.390666652609742,0.025221062338163493,4,3,0,3,0.6499999761581421,0
7589571,2.4521033745274057,-1.3867069241041239,0.02517150552377593,4,3,0,3,0.5,0
7589572,2.4526388638497325,-1.386638158397957,0.024828662268911485,4,3,0,3,0.5,0
7590234,2.4524223769317097,-1.3858659238520565,0.024902929056842257,4,3,0,3,0.5,0
7590235,2.4538972374478436,-1.3859032165256882,0.02410137081247629,4,3,0,3,0.5,0
7590540,2.4531128301130884,-1.3856590028767353,0.024418572246837765,4,3,0,3,0.5,0
7590861,2.4542371263309777,-1.3858110852053471,0.02391260183803054,4,3,0,3,0.5,0
7591183,2.452961515729278,-1.3934878546592426,0.023026310861919363,4,3,0,3,0.5,0
7591188,2.4523503686316905,-1.3848380539994831,0.02495642876964451,4,3,0,3,0.5,0
7591814,2.4532586399495226,-1.3846843317797957,0.024307988309788302,4,3,0,3,0.5,0
7683197,2.3632044443883475,-1.3866849639813332,0.02472157702412541,4,3,0,1,0.6499999761581421,0
7683481,2.3632091602383887,-1.3896820134052033,0.024233970403318185,4,3,0,1,0.6499999761581421,0
7683776,2.3629179979166373,-1.390079252422148,0.023925334464205528,4,3,0,1,0.6499999761581421,0
7683777,2.3630322563595394,-1.3884730623097017,0.02454080696914198,4,3,0,1,0.6499999761581421,0
7683778,2.3630387001101028,-1.387661228724148,0.024644301372516268,4,3,0,1,0.6499999761581421,0
7684040,2.3626179697501404,-1.389756989569748,0.02397337089057025,4,3,0,1,0.6499999761581421,0
7684325,2.3623576739619576,-1.3878759402021927,0.024353946056724245,4,3,0,1,0.6499999761581421,0
7684326,2.362080921700537,-1.3866522260065528,0.02421564710376959,4,3,0,1,0.6499999761581421,0
7684602,2.36198344524353,-1.391131100411108,0.022963088115879347,4,3,0,1,0.5,0
7684603,2.362106242851808,-1.3906976468684382,0.023287690681637836,4,3,0,1,0.5,0
7684878,2.3621956304942837,-1.391536602810619,0.022564940553430418,4,3,0,1,0.5,0
7684879,2.362063097840795,-1.3898788597276108,0.023710729657232095,4,3,0,1,0.5,0
7684880,2.362191846847158,-1.3888310246432425,0.024141407706801253,4,3,0,1,0.6499999761581421,0
7685148,2.3618226979929258,-1.3892705050236416,0.02386274888620877,4,3,0,1,0.5,0
7685149,2.3615372945617734,-1.3876889123705596,0.02403020518322406,4,3,0,1,0.6499999761581421,0
7685423,2.361534581956295,-1.3908361988488702,0.023009354251798182,4,3,0,1,0.5,0
7685424,2.3613868458782927,-1.3866781867925588,0.02390101353567413,4,3,0,1,0.6499999761581421,0
7685996,2.3613657657252647,-1.3916390454504874,0.022157493277921526,4,3,0,1,0.5,0
7685997,2.3612717100679412,-1.3910765029648555,0.022748871245444273,4,3,0,1,0.5,0
7685998,2.360989473093249,-1.3898878743679908,0.023309797405275584,4,3,0,1,0.5,0
7685999,2.361183140290601,-1.388913513385924,0.023722099677829234,4,3,0,1,0.5,0
7686000,2.360993536751263,-1.3878999541559405,0.023795514953955273,4,3,0,1,0.5,0
7687112,2.360080247404973,-1.388642686984317,0.023370705629574412,4,3,0,1,0.5,0
7698075,2.350348734998307,-1.3877795801663246,0.024701771287184572,4,3,0,1,0.6499999761581421,0
7698348,2.351067268604917,-1.3878742377440814,0.024292529918220895,4,3,0,1,0.6499999761581421,0
7699225,2.3516692535129025,-1.3880734371310954,0.02392100389178567,4,3,0,1,0.6499999761581421,0
7699537,2.3506978140721317,-1.3886845153146583,0.024290870095905748,4,3,0,1,0.6499999761581421,0
7699811,2.3513874015531817,-1.3888613642149847,0.023865707314345008,4,3,0,1,0.5,0
7859987,2.283415542489748,-1.4071682798489014,0.03702570595438187,4,3,0,47,0.6499999761581421,0
7860434,2.2851738066926077,-1.4069174155053987,0.03729246694599125,4,3,0,47,0.6499999761581421,0
7860435,2.2842453874246624,-1.4072201442944896,0.0372485550618358,4,3,0,47,0.6499999761581421,0
7860875,2.2848922615781517,-1.4073618772192915,0.03764888564606991,4,3,0,47,0.6499999761581421,0
7861781,2.2857334457873235,-1.4073735296496293,0.03790585222458519,4,3,0,47,0.6499999761581421,0
7862185,2.2858937345200983,-1.4077050401819482,0.03811372206353678,4,3,0,47,0.6499999761581421,0
7862186,2.285189655308876,-1.407797639848289,0.03804670722981246,4,3,0,47,0.6499999761581421,0
7863975,2.285339676975753,-1.4087688348476681,0.03860936001206966,4,3,0,47,0.6499999761581421,0
7864855,2.2850726270916057,-1.4095008845813772,0.038865155896766305,4,3,0,47,0.6499999761581421,0
7865296,2.2859604109461227,-1.4096046601711383,0.038836186059741436,4,3,0,47,0.6499999761581421,0
7865736,2.2841891320705248,-1.4099571583168875,0.03899723774299438,4,3,0,47,0.6499999761581421,0
7865737,2.283335031192426,-1.4102429522949602,0.03911250737235375,4,3,0,47,0.6499999761581421,0
7866179,2.2850118822295618,-1.410401186595373,0.038996207883645044,4,3,0,47,0.6499999761581421,0
7866180,2.2847541998763345,-1.4101707172919977,0.03899995650750183,4,3,0,47,0.6499999761581421,0
7867056,2.2859859246048795,-1.4107198001574033,0.038881389140448044,4,3,0,47,0.6499999761581421,0
7867507,2.285347777457404,-1.4108107055265504,0.03896169877141038,4,3,0,47,0.6499999761581421,0
7867508,2.2844107420210884,-1.4107360480911808,0.03901980585412195,4,3,0,47,0.6499999761581421,0
7868844,2.285344690337362,-1.411654422910831,0.03888300549893567,4,3,0,47,0.6499999761581421,0
7869277,2.2860359613838765,-1.4119892286403677,0.03871626014178901,4,3,0,47,0.6499999761581421,0
7870588,2.28592505607136,-1.412794464577337,0.03865048840270205,4,3,0,47,0.6499999761581421,0
7871780,2.330082029934131,-1.4935962693996137,0.038553543852282865,4,3,0,44,0.6499999761581421,0
7871863,2.2842363909081693,-1.4136198407524472,0.03863155748467883,4,3,0,47,0.6499999761581421,0
7872305,2.285167682621142,-1.4138945635388769,0.03828375976186235,4,3,0,47,0.6499999761581421,0
7873505,2.331243389093201,-1.4936854609760415,0.03848052823917751,4,3,0,44,0.6499999761581421,0
7873943,2.3302546963148734,-1.494607689109004,0.03819531536509894,4,3,0,44,0.6499999761581421,0
7874021,2.2848476348428557,-1.4141491093630356,0.037485454712060176,4,3,0,47,0.6499999761581421,0
7874022,2.284122603816929,-1.4141107222196623,0.03768217240378895,4,3,0,47,0.6499999761581421,0
7874356,2.3312174414175675,-1.4944666149516153,0.03825982064409497,4,3,0,44,0.6499999761581421,0
7874776,2.3324418531950846,-1.4938127023779109,0.03844422649200576,4,3,0,44,0.6499999761581421,0
7874871,2.285031736168242,-1.4144768481912195,0.03629428388830376,4,3,0,47,0.6499999761581421,0
7874872,2.2833940061523146,-1.4143154964202413,0.03702559989097459,4,3,0,47,0.6499999761581421,0
7875228,2.3302607632174497,-1.495344127602904,0.03652389853431055,4,3,0,44,0.6499999761581421,0
7875229,2.3300980418900843,-1.4954861035417,0.035749974328946964,4,3,0,44,0.6499999761581421,0
7875741,2.284938305868569,-1.4146334883923726,0.03569980286602945,4,3,0,47,0.6499999761581421,0
7875742,2.284306658473834,-1.4144116891572964,0.03660120017670514,4,3,0,47,0.6499999761581421,0
7875743,2.283286203127096,-1.4144940128680865,0.036409986114013526,4,3,0,47,0.6499999761581421,0
7876085,2.3320765404900197,-1.4946149246693232,0.03818244032925554,4,3,0,44,0.6499999761581421,0
7876086,2.3313375975898007,-1.4950880343780706,0.03746962725717347,4,3,0,44,0.6499999761581421,0
7876087,2.3312726712318277,-1.4953925971067248,0.0365500534321707,4,3,0,44,0.6499999761581421,0
7876517,2.3310481153333784,-1.4956123724342087,0.03539554784736772,4,3,0,44,0.6499999761581421,0
7876991,2.3322155623958407,-1.495021761832264,0.03759455933294528,4,3,0,44,0.6499999761581421,0
7876992,2.331939080811612,-1.4954579257063825,0.03640524841096236,4,3,0,44,0.6499999761581421,0
7877071,2.2841930440559746,-1.4147337910582636,0.03536945551991697,4,3,0,47,0.6499999761581421,0
7877427,2.3320744089071335,-1.4957105655028715,0.035458240247200956,4,3,0,44,0.6499999761581421,0
7877428,2.331185681182581,-1.4956942985269528,0.03470597141258708,4,3,0,44,0.6499999761581421,0
7877511,2.2833762441283105,-1.414692442861914,0.03546986262053088,4,3,0,47,0.6499999761581421,0
7877916,2.2843808625259006,-1.4148521674365777,0.0344741672106358,4,3,0,47,0.6499999761581421,0
7878761,2.332161682467404,-1.4958338914777771,0.034506705194537024,4,3,0,44,0.6499999761581421,0
7878839,2.283551770120248,-1.414742909070268,0.034653835355495426,4,3,0,47,0.6499999761581421,0
7879168,2.332952797229642,-1.4958554535291373,0.03486972567080098,4,3,0,44,0.6499999761581421,0
7880510,2.329327889442959,-1.4958621559094993,0.03288615985682236,4,3,0,44,0.6499999761581421,0
7880597,2.2860507004570008,-1.4151583854713743,0.03353671820106318,4,3,0,47,0.6499999761581421,0
7881928,2.2830344535045612,-1.4147346692636862,0.03256493591815004,4,3,0,47,0.6499999761581421,0
7882368,2.284350290003765,-1.4149219614183761,0.03369296316420729,4,3,0,47,0.6499999761581421,0
8990353,2.4623113114596835,-1.3877077201121923,0.024444057422539543,4,3,0,3,0.5,0
8991145,6.129342400760198,-1.4179835342313565,0.04063017461793425,3,4,47,0,0.6499999761581421,5
8992190,2.454095247147386,-1.3888390400245874,0.02486950213557207,4,3,0,3,0.6499999761581421,0
9074073,2.330251025838815,-1.4956468296423204,0.03450364359085856,4,3,0,44,0.6499999761581421,0
9074074,2.329161223462207,-1.4957648560079415,0.033445231832269565,4,3,0,44,0.6499999761581421,0
9101666,6.095892494904919,-1.7723686061155581,0.0340287344459497,4,3,0,40,0.5,0
9101711,6.090987978194396,-1.6904795285740768,0.03530327075778718,4,3,0,41,0.5,0
9101712,6.089779075519946,-1.6904242147806028,0.03568563394996231,4,3,0,41,0.5,0
9101713,6.089221655511518,-1.6905149297283366,0.03551356339883415,4,3,0,41,0.5,0
9101714,6.084335617186188,-1.689851385911581,0.035366108338472466,4,3,0,41,0.6499999761581421,0
9104384,2.351238895445237,-1.386771275660578,0.024553337357252417,4,3,0,1,0.6499999761581421,0
9138732,3.1513435402517835,-1.3828891466011641,0.024523232880966507,4,3,0,20,0.5,0
9138733,3.1513105456354653,-1.3817583734702559,0.02464340070866497,4,3,0,20,0.5,0
9138734,3.151689877552329,-1.3808060106952624,0.02674854374516778,4,3,0,20,0.5,0
9143810,3.856629228554323,-2.311454483794324,0.025596899042837115,3,4,31,0,0.5,5
9143811,3.856489501954433,-2.310799449094435,0.025594770627954698,3,4,31,0,0.5,5
9151514,6.086354032504938,-1.6905395756998227,0.03782254965695779,4,3,0,41,0.5,0
9151515,6.091700510234304,-1.6980573963196215,0.03969579946358879,4,3,0,41,0.5,0
9151517,6.079364662058896,-1.6984364677735893,0.039235549180013506,4,3,0,41,0.6499999761581421,0
9179533,6.135236359278174,-1.4263335317910242,0.04124122084251925,3,4,47,0,0.6499999761581421,5
9179534,6.128106636874591,-1.4185506014924747,0.04174896116255776,3,4,47,0,0.6499999761581421,5
9189807,2.2861884658139613,-1.4086135112745723,0.03856817211391504,4,3,0,47,0.6499999761581421,0
9189808,2.285750228939931,-1.413602641618372,0.03834867327996315,4,3,0,47,0.6499999761581421,0
9189809,2.2857674029410697,-1.4137427287581024,0.03793210239282163,4,3,0,47,0.6499999761581421,0
9189810,2.285099271294323,-1.414881980175743,0.03454360869694223,4,3,0,47,0.6499999761581421,0
9189817,2.285230396893099,-1.4150435105801424,0.033451680464096155,4,3,0,47,0.6499999761581421,0
9203348,6.086197631256661,-1.772994154966375,0.03732151353021759,4,3,0,40,0.5,0
9203350,6.087198769352254,-1.7806090079909842,0.0381105787245263,4,3,0,40,0.5,0
9203354,6.076283565751477,-1.780894762071237,0.038306911221729995,3,4,40,0,0.6499999761581421,0
9203369,6.091729703702816,-1.7797990305608253,0.03893648805956974,4,3,0,40,0.5,0
9203370,6.087107098454328,-1.7808726101668801,0.037745539105526145,4,3,0,40,0.5,0
9211692,6.054826088717857,-2.347155537271904,0.030062539915615957,4,3,0,87,0.5,0
